종목명,종목코드,시장,현재가_num,52주최고,고점 / 하락률,PER,PBR,ROE,부채비율,배당수익률,데이터출처
한빛소프트,047080,코스닥,1009.0,1942.0,-48.043254376931,3.32,1.24,35.51,25.37313432835821,0.0,🌐 실시간 보완
매드업,000nan,코스닥,6750.0,6750.0,0.0,10.99,3.19,84.39,156.3953488372093,0.0,🌐 실시간 보완
코나아이,052400,코스닥,40650.0,72500.0,-43.93103448275862,6.65,2.21,32.62,116.78945327646375,2.952029520295203,🌐 실시간 보완
대한조선,439260,코스피,49300.0,116000.0,-57.49999999999999,6.68,1.66,32.19,40.80007323324789,0.5070993914807302,🌐 실시간 보완
HD현대마린엔진,071970,코스피,51000.0,118200.0,-56.852791878172596,9.64,3.46,41.36,66.63939455921457,0.0,🌐 실시간 보완
SGA솔루션즈,184230,코스닥,1796.0,6795.0,-73.56880058866814,1.6,0.98,45.29,186.7924528301887,0.8351893095768375,🌐 실시간 보완
선익시스템,171090,코스닥,61300.0,144000.0,-57.43055555555555,7.35,3.2,101.48,154.24200278164116,1.631321370309951,🌐 실시간 보완
우원개발,046940,코스닥,2860.0,6610.0,-56.732223903177,1.06,0.33,36.78,68.53860880663689,4.195804195804196,🌐 실시간 보완
앤씨앤,092600,코스닥,1824.0,9735.0,-81.26348228043143,0.67,0.24,43.8,54.987212276214834,0.0,🌐 실시간 보완
레메디,387690,코스닥,8480.0,34650.0,-75.52669552669553,10.91,3.91,58.11,157.65765765765767,0.0,🌐 실시간 보완
나래나노텍,137080,코스닥,5070.0,6240.0,-18.75,0.98,0.43,41.46,70.8512467755804,0.0,🌐 실시간 보완
SAMG엔터,419530,코스닥,27700.0,86100.0,-67.8281068524971,8.99,3.22,54.69,62.70983213429256,0.0,🌐 실시간 보완
에스엠,041510,코스닥,73000.0,155100.0,-52.93359123146357,12.71,1.67,41.65,47.76624714800913,2.219178082191781,🌐 실시간 보완
베셀,177350,코스닥,695.0,1871.0,-62.854088722608225,0.76,0.34,56.27,41.404358353510894,0.0,🌐 실시간 보완
예림당,036000,코스닥,2890.0,4035.0,-28.376703841387858,0.48,0.26,66.78,17.55277560594214,0.0,🌐 실시간 보완
티에이치엔,019180,코스피,5870.0,10270.0,-42.843232716650434,1.3,0.43,36.85,171.04332449160034,2.0442930153321974,🌐 실시간 보완
HLB제넥스,187420,코스닥,1498.0,3680.0,-59.29347826086957,2.04,1.12,69.85,148.2632541133455,0.0,🌐 실시간 보완
솔브레인홀딩스,036830,코스닥,31950.0,80800.0,-60.457920792079214,1.34,0.37,32.06,36.51673855001027,1.5649452269170578,🌐 실시간 보완
화승코퍼레이션,013520,코스피,2590.0,4000.0,-35.25,1.72,0.41,31.51,194.38738953904945,2.8957528957528957,🌐 실시간 보완
동아엘텍,088130,코스닥,5080.0,14620.0,-65.2530779753762,1.99,0.47,33.57,107.77180653162463,2.952755905511811,🌐 실시간 보완
SK스퀘어,402340,코스피,1048000.0,2189000.0,-52.124257651895846,8.9,3.83,37.82,9.01043844320322,0.0,🌐 실시간 보완
에스코넥,096630,코스닥,1795.0,5500.0,-67.36363636363636,1.47,0.32,49.77,92.55079006772009,0.0,🌐 실시간 보완
동구바이오제약,006620,코스닥,3915.0,6390.0,-38.732394366197184,2.21,0.71,39.12,121.10453648915187,3.065134099616858,🌐 실시간 보완
사람인,143240,코스닥,16400.0,18400.0,-10.869565217391305,2.01,0.65,41.2,22.359550561797754,4.2682926829268295,🌐 실시간 보완
아이티센글로벌,124500,코스닥,23200.0,75500.0,-69.27152317880795,9.4,3.75,45.89,212.50488472059396,0.0,🌐 실시간 보완
대산F&B,065150,코스닥,1543.0,2895.0,-46.70120898100173,2.5,0.95,45.0,53.68852459016394,0.0,🌐 실시간 보완
성호전자,043260,코스닥,16140.0,59600.0,-72.91946308724833,2.76,1.97,46.27,128.77952755905514,0.0,🌐 실시간 보완
아이비김영,339950,코스닥,2840.0,2955.0,-3.8917089678511,5.98,2.11,32.19,70.38081805359661,10.56338028169014,🌐 실시간 보완
DMS,068790,코스닥,8150.0,9190.0,-11.31664853101197,1.5,0.42,35.52,32.517321016166285,3.067484662576687,🌐 실시간 보완
인지소프트,100030,코스닥,16990.0,23700.0,-28.312236286919827,1.87,0.55,35.1,19.424460431654676,6.627427898763978,🌐 실시간 보완
한패스,408470,코스닥,5260.0,47750.0,-88.98429319371728,7.43,0.89,94.2,189.54869358669833,0.0,🌐 실시간 보완
JW신약,067290,코스닥,1921.0,3465.0,-44.55988455988456,10.98,2.5,46.3,42.997542997543,0.0,🌐 실시간 보완
글로벌텍스프리,204620,코스닥,5020.0,7230.0,-30.567081604426004,10.22,2.32,27.81,31.5939957112223,0.0,🌐 실시간 보완
GC메디아이,032620,코스닥,2950.0,4470.0,-34.00447427293065,4.45,1.05,30.72,43.29767149150409,1.694915254237288,🌐 실시간 보완
제룡전기,033100,코스닥,42350.0,93800.0,-54.850746268656714,13.07,2.96,26.93,11.533639782699542,2.5974025974025974,🌐 실시간 보완
한국화장품제조,003350,코스피,8090.0,14120.0,-42.70538243626063,6.18,1.32,30.6,89.96175908221798,0.7416563658838072,🌐 실시간 보완
이지바이오,353810,코스닥,6040.0,8560.0,-29.439252336448597,5.98,1.74,29.06,188.29225352112675,4.13907284768212,🌐 실시간 보완
대신정보통신,020180,코스닥,836.0,1600.0,-47.75,2.55,0.64,28.18,185.31746031746033,5.980861244019139,🌐 실시간 보완
소프트캠프,258790,코스닥,4325.0,11450.0,-62.227074235807855,7.95,1.46,27.93,173.37662337662337,0.0,🌐 실시간 보완
JYP Ent.,035900,코스닥,45600.0,88500.0,-48.47457627118644,13.14,2.41,29.21,36.176,1.9232456140350878,🌐 실시간 보완
평화홀딩스,010770,코스피,3825.0,5390.0,-29.035250463821892,1.25,0.4,31.18,243.33128457283345,3.9215686274509802,🌐 실시간 보완
유바이오로직스,206650,코스닥,8130.0,17700.0,-54.067796610169495,10.19,1.66,26.85,37.02224757558471,0.0,🌐 실시간 보완
폴레드,487580,코스닥,3355.0,26000.0,-87.09615384615384,7.61,1.77,26.65,44.919786096256686,0.0,🌐 실시간 보완
아이티센엔텍,010280,코스닥,4795.0,7950.0,-39.68553459119497,1.9,0.57,26.23,222.50252270433904,0.0,🌐 실시간 보완
케이엔제이,272110,코스닥,27800.0,44600.0,-37.66816143497758,8.16,2.1,30.79,137.13991769547326,0.0,🌐 실시간 보완
체리부로,066360,코스닥,670.0,1420.0,-52.816901408450704,1.32,0.32,27.0,135.6628242074928,0.0,🌐 실시간 보완
감성코퍼레이션,036620,코스닥,4445.0,7700.0,-42.27272727272727,10.58,2.84,28.75,38.0134428678118,0.0,🌐 실시간 보완
에스앤디,260970,코스닥,49800.0,135900.0,-63.35540838852097,6.38,1.65,26.71,26.33410672853828,3.594377510040161,🌐 실시간 보완
베뉴지,019010,코스닥,3920.0,7300.0,-46.3013698630137,1.35,0.36,27.16,63.06690615177368,1.7857142857142856,🌐 실시간 보완
토탈소프트,045340,코스닥,6490.0,9790.0,-33.70786516853933,5.69,1.46,26.65,50.27322404371585,1.5408320493066257,🌐 실시간 보완
일지테크,019540,코스닥,6260.0,8240.0,-24.029126213592235,1.56,0.39,26.7,237.0177267987487,2.3961661341853033,🌐 실시간 보완
다산솔루에타,154040,코스닥,820.0,1377.0,-40.45025417574437,1.42,0.29,26.55,56.463878326996195,0.0,🌐 실시간 보완
아이티센씨티에스,031820,코스피,5690.0,9980.0,-42.985971943887776,0.9,0.28,25.89,145.39299381807479,0.0,🌐 실시간 보완
브이티,018290,코스닥,12120.0,39350.0,-69.1994917407878,7.54,1.61,25.66,39.55783655744177,0.0,🌐 실시간 보완
아이크래프트,052460,코스닥,5260.0,5400.0,-2.5925925925925926,8.26,1.48,24.65,104.7008547008547,1.9011406844106464,🌐 실시간 보완
SNT에너지,100840,코스피,26800.0,67900.0,-60.53019145802651,5.4,1.37,25.15,61.72196325747189,4.291044776119403,🌐 실시간 보완
엠앤씨솔루션,484870,코스피,15630.0,76666.0,-79.61286619883651,9.8,2.41,25.32,106.93374422187982,5.310300703774792,🌐 실시간 보완
아이스크림미디어,461300,코스닥,15760.0,27550.0,-42.794918330308526,4.24,1.02,25.36,30.528375733855185,9.860406091370558,🌐 실시간 보완
동원모빌리티,018500,코스피,1426.0,1967.0,-27.503812913065584,1.71,0.37,24.98,255.06681514476614,3.506311360448808,🌐 실시간 보완
세진중공업,075580,코스피,10130.0,27400.0,-63.029197080291965,11.12,2.52,24.35,112.95492487479133,2.2211253701875617,🌐 실시간 보완
원텍,336570,코스닥,5110.0,13350.0,-61.72284644194757,13.63,2.79,24.79,38.08010171646535,0.9784735812133072,🌐 실시간 보완
유니온,000910,코스피,2760.0,6150.0,-55.1219512195122,0.83,0.31,24.46,157.2530864197531,4.528985507246377,🌐 실시간 보완
SB성보,003080,코스피,2205.0,2985.0,-26.13065326633166,1.31,0.28,24.66,49.410994764397905,9.297052154195011,🌐 실시간 보완
서호전기,065710,코스닥,43450.0,59900.0,-27.462437395659435,12.73,2.18,24.38,24.57831325301205,13.808975834292289,🌐 실시간 보완
동성화인텍,033500,코스닥,16780.0,34300.0,-51.07871720116618,7.87,1.9,24.23,93.74275782155271,2.3837902264600714,🌐 실시간 보완
SOOP,067160,코스닥,49750.0,80600.0,-38.27543424317618,5.65,1.17,24.08,75.83465818759937,6.793969849246231,🌐 실시간 보완
F&F,383220,코스피,62600.0,89000.0,-29.662921348314608,4.67,1.18,23.16,41.137016927499204,4.313099041533546,🌐 실시간 보완
신세계푸드,031440,코스피,38150.0,58800.0,-35.11904761904761,1.94,0.38,23.71,127.29812796870634,2.3591087811271296,🌐 실시간 보완
코스맥스,192820,코스피,188800.0,270000.0,-30.074074074074076,13.69,3.66,23.86,247.11742609831782,1.7478813559322033,🌐 실시간 보완
영화테크,265560,코스닥,7150.0,11120.0,-35.701438848920866,3.2,0.75,22.82,27.72384034519957,1.8181818181818181,🌐 실시간 보완
선진,136490,코스피,9650.0,13950.0,-30.824372759856633,2.04,0.38,23.5,133.92887819962203,2.072538860103627,🌐 실시간 보완
KCC,002380,코스피,378500.0,692000.0,-45.30346820809248,1.97,0.34,23.51,114.75621445459774,3.963011889035667,🌐 실시간 보완
고려신용정보,049720,코스닥,10340.0,11940.0,-13.400335008375208,11.23,2.4,22.89,81.55802861685216,4.835589941972921,🌐 실시간 보완
마이크로컨텍솔,098120,코스닥,21600.0,40550.0,-46.7324290998767,10.04,2.09,23.08,19.04176904176904,0.4629629629629629,🌐 실시간 보완
JW홀딩스,096760,코스피,3790.0,4495.0,-15.684093437152391,4.06,0.96,23.57,107.0635721493441,5.672823218997362,🌐 실시간 보완
현대이지웰,090850,코스닥,6160.0,7300.0,-15.616438356164384,6.52,1.24,23.24,121.1344922232388,3.571428571428571,🌐 실시간 보완
씨아이테크,004920,코스피,928.0,1699.0,-45.3796350794585,2.23,0.61,22.84,73.2605729877217,0.0,🌐 실시간 보완
서울평가정보,036120,코스닥,1482.0,2530.0,-41.42292490118577,8.67,1.73,23.39,17.74647887323944,5.398110661268556,🌐 실시간 보완
삼진식품,000nan,코스닥,4690.0,4690.0,0.0,5.77,1.04,22.34,99.28057553956835,0.0,🌐 실시간 보완
한화오션,042660,코스피,84900.0,154800.0,-45.15503875968992,17.0,3.81,22.59,226.1684210526316,0.0,🌐 실시간 보완
시프트업,462870,코스피,31850.0,44650.0,-28.66741321388578,9.76,1.93,22.71,17.596613113330438,0.0,🌐 실시간 보완
아이패밀리에스씨,114840,코스닥,8450.0,27000.0,-68.7037037037037,7.84,1.36,22.28,36.26794258373206,3.5384615384615383,🌐 실시간 보완
케이카,381970,코스피,7460.0,16970.0,-56.040070713022985,7.77,1.65,22.63,138.6607142857143,16.0857908847185,🌐 실시간 보완
한텍,098070,코스닥,24300.0,62200.0,-60.932475884244376,7.31,1.62,22.45,41.37931034482759,1.5432098765432098,🌐 실시간 보완
STX엔진,077970,코스피,23550.0,67700.0,-65.21418020679468,12.59,2.62,22.26,237.56197142023913,0.0,🌐 실시간 보완
세미티에스,000nan,코스닥,2850.0,2850.0,0.0,7.74,2.04,21.92,38.227146814404435,0.0,🌐 실시간 보완
엠플러스,259630,코스닥,9040.0,20100.0,-55.024875621890544,3.82,0.96,22.12,136.66666666666666,2.2123893805309733,🌐 실시간 보완
지엔씨에너지,119850,코스닥,43700.0,51900.0,-15.79961464354528,18.33,3.07,21.15,67.40406320541761,0.34324942791762014,🌐 실시간 보완
삼양컴텍,484590,코스닥,5900.0,22650.0,-73.9514348785872,10.52,1.53,21.6,53.1629392971246,0.0,🌐 실시간 보완
액스비스,000nan,코스닥,8500.0,8500.0,0.0,11.82,1.43,21.4,157.65124555160142,0.0,🌐 실시간 보완
효성ITX,094280,코스피,12040.0,13900.0,-13.381294964028779,10.14,1.94,21.21,160.0532623169108,6.229235880398671,🌐 실시간 보완
세경하이테크,148150,코스닥,3050.0,6720.0,-54.613095238095234,3.59,0.61,22.13,47.63527907967619,3.278688524590164,🌐 실시간 보완
오파스넷,173130,코스닥,5850.0,8570.0,-31.738623103850642,5.44,1.2,21.36,129.73805855161785,4.273504273504273,🌐 실시간 보완
대웅제약,069620,코스피,114700.0,199400.0,-42.47743229689067,6.65,1.29,21.75,108.23125055080638,0.5231037489102005,🌐 실시간 보완
에스앤에스텍,101490,코스닥,42050.0,108400.0,-61.208487084870846,14.97,2.76,21.24,29.191321499013807,0.47562425683709864,🌐 실시간 보완
메쎄이상,408920,코스닥,2915.0,4385.0,-33.52337514253136,7.31,1.56,20.79,21.35678391959799,4.116638078902231,🌐 실시간 보완
전진건설로봇,079900,코스피,32250.0,74350.0,-56.62407531943511,15.11,3.07,20.58,46.99872286079182,4.306976744186047,🌐 실시간 보완
아이윈,090150,코스닥,499.0,1050.0,-52.476190476190474,2.15,0.41,20.77,162.62425447316102,0.0,🌐 실시간 보완
티앤엘,340570,코스닥,61400.0,68000.0,-9.705882352941178,12.91,2.39,20.44,7.902584493041749,2.44299674267101,🌐 실시간 보완
다원넥스뷰,323350,코스닥,7030.0,28100.0,-74.98220640569396,13.34,2.86,20.38,71.42857142857143,0.0,🌐 실시간 보완
보성파워텍,006910,코스닥,6030.0,18200.0,-66.86813186813187,12.28,2.57,20.26,20.852221214868543,0.0,🌐 실시간 보완
현대엘리베이터,017800,코스피,68100.0,113400.0,-39.94708994708995,10.47,2.58,20.11,157.76100803101633,20.572687224669604,🌐 실시간 보완
오킨스전자,080580,코스닥,11120.0,27500.0,-59.56363636363636,20.04,3.7,19.93,88.58267716535433,0.0,🌐 실시간 보완
서전기전,189860,코스닥,3950.0,11500.0,-65.65217391304347,5.1,1.12,19.86,79.42708333333334,0.0,🌐 실시간 보완
영우디에스피,143540,코스닥,1015.0,1698.0,-40.22379269729093,4.39,1.27,19.84,127.57475083056478,0.0,🌐 실시간 보완
KT밀리의서재,418470,코스닥,10450.0,16850.0,-37.98219584569733,5.44,1.04,20.03,26.69735327963176,5.263157894736842,🌐 실시간 보완
하나투어,039130,코스피,30950.0,56700.0,-45.41446208112875,11.24,3.3,19.79,293.47695990424893,3.877221324717286,🌐 실시간 보완
코세스,089890,코스닥,20800.0,51400.0,-59.53307392996109,27.73,3.85,19.58,24.561403508771928,0.0,🌐 실시간 보완
휴메딕스,200670,코스닥,24800.0,72400.0,-65.74585635359117,5.42,0.89,19.61,8.046744574290484,3.7096774193548385,🌐 실시간 보완
티에프이,425420,코스닥,33600.0,77700.0,-56.75675675675676,20.68,3.23,19.3,31.5018315018315,0.0,🌐 실시간 보완
유비온,084440,코스닥,998.0,1366.0,-26.939970717423133,38.38,2.41,19.36,194.80519480519482,0.0,🌐 실시간 보완
까뮤이앤씨,013700,코스피,1449.0,1636.0,-11.430317848410757,3.39,0.73,19.4,165.3914590747331,2.070393374741201,🌐 실시간 보완
매커스,093520,코스닥,21550.0,33850.0,-36.336779911373704,14.07,1.56,19.3,86.36003172085647,5.56844547563805,🌐 실시간 보완
더즌,462860,코스닥,1964.0,5920.0,-66.82432432432432,11.98,1.88,19.29,162.36413043478262,1.5274949083503055,🌐 실시간 보완
한국카본,017960,코스피,21650.0,54100.0,-59.98151571164511,11.77,1.84,19.3,79.83106360972246,1.4780600461893765,🌐 실시간 보완
코스메카코리아,241710,코스닥,81200.0,106400.0,-23.684210526315788,15.74,3.41,19.29,87.92385484830459,0.45566502463054187,🌐 실시간 보완
나노,187790,코스닥,2685.0,7560.0,-64.48412698412699,33.56,2.04,19.01,136.68341708542712,0.0,🌐 실시간 보완
에스텍,069510,코스닥,12620.0,16700.0,-24.431137724550897,3.55,0.44,18.98,46.93617021276596,6.735340729001585,🌐 실시간 보완
코미코,183300,코스닥,54400.0,139200.0,-60.91954022988506,23.09,3.92,18.52,178.58301784748514,1.3106617647058825,🌐 실시간 보완
비츠로셀,082920,코스닥,29800.0,67800.0,-56.04719764011799,21.06,3.94,18.56,12.193645990922844,0.87248322147651,🌐 실시간 보완
코리아에프티,123410,코스닥,5460.0,9550.0,-42.82722513089005,3.64,0.56,18.48,95.8816922500936,3.6630036630036633,🌐 실시간 보완
금호타이어,073240,코스피,6740.0,7840.0,-14.030612244897958,5.6,0.86,18.53,147.44271228838167,0.0,🌐 실시간 보완
아이지넷,462980,코스닥,1246.0,2730.0,-54.35897435897436,7.6,1.01,18.38,127.60180995475112,0.0,🌐 실시간 보완
이노테크,469610,코스닥,11980.0,85000.0,-85.90588235294118,10.08,1.62,18.16,46.18973561430793,0.0,🌐 실시간 보완
현대글로비스,086280,코스피,201500.0,296000.0,-31.925675675675674,9.02,1.45,18.13,78.92264448808287,2.8784119106699753,🌐 실시간 보완
디와이피엔에프,104460,코스닥,8690.0,20500.0,-57.60975609756097,4.84,0.56,18.26,64.81975967957277,8.05523590333717,🌐 실시간 보완
코웨이,021240,코스피,93300.0,110500.0,-15.565610859728507,10.14,1.77,18.14,93.71004787337078,2.097534833869239,🌐 실시간 보완
메가스터디교육,215200,코스닥,41600.0,51000.0,-18.43137254901961,5.1,0.89,18.03,72.14752208989627,7.211538461538461,🌐 실시간 보완
HD한국조선해양,009540,코스피,372500.0,494500.0,-24.67138523761375,10.47,1.94,17.78,133.86265916739117,3.302013422818792,🌐 실시간 보완
일승,333430,코스닥,4020.0,10430.0,-61.45733461169702,13.44,2.55,17.79,42.180616740088105,0.0,🌐 실시간 보완
시공테크,020710,코스닥,3560.0,5990.0,-40.56761268781302,2.72,0.38,17.77,29.040948275862068,9.52247191011236,🌐 실시간 보완
티쓰리,204610,코스닥,3075.0,3795.0,-18.972332015810274,10.32,1.68,17.72,12.941176470588237,4.5528455284552845,🌐 실시간 보완
모두투어,080160,코스닥,8700.0,17500.0,-50.28571428571429,13.34,1.72,17.71,150.27027027027026,0.0,🌐 실시간 보완
엔투텍,227950,코스닥,1131.0,3775.0,-70.03973509933775,8.77,0.31,17.7,16.67971808927173,0.0,🌐 실시간 보완
NICE평가정보,030190,코스피,14210.0,18500.0,-23.18918918918919,10.11,1.81,17.62,37.69968051118211,3.589021815622801,🌐 실시간 보완
LG씨엔에스,064400,코스피,63900.0,153300.0,-58.31702544031311,13.41,2.12,17.35,79.68043515213327,2.895148669796557,🌐 실시간 보완
JW중외제약,001060,코스피,24000.0,39250.0,-38.853503184713375,8.36,1.52,17.6,63.86031402273957,2.7083333333333335,🌐 실시간 보완
동방선기,099410,코스닥,2950.0,7340.0,-59.80926430517711,4.52,0.8,17.34,34.33734939759036,0.0,🌐 실시간 보완
NHN KCP,060250,코스닥,12600.0,25500.0,-50.588235294117645,9.81,1.58,16.35,119.46107784431138,1.984126984126984,🌐 실시간 보완
