Date,Adj Close,Close,High,Low,Open,Volume
2021-07-28,242334.59375,246724.734375,250039.65625,244830.5,245777.609375,338006
2021-07-29,240008.9375,244356.9375,248618.984375,243409.8125,248145.421875,389240
2021-07-30,235357.609375,239621.34375,245304.0625,239621.34375,244830.5,454166
2021-08-02,238148.40625,242462.703125,242936.25,234885.734375,239621.34375,403595
2021-08-03,235357.609375,239621.34375,242936.25,239147.78125,242462.703125,345461
2021-08-04,226520.0625,230623.703125,236779.984375,220678.9375,236779.984375,2091037
2021-08-05,221868.71875,225888.09375,232044.375,223520.296875,227308.78125,1303653
2021-08-06,223729.265625,227782.34375,231097.265625,226361.65625,226835.21875,619570
2021-08-09,223729.265625,227782.34375,231570.8125,223993.859375,230150.140625,710895
2021-08-10,225589.796875,229676.578125,231097.265625,225414.53125,228255.90625,502303
2021-08-11,229310.859375,233465.0625,236306.421875,229676.578125,230623.703125,802469
2021-08-12,225124.65625,229203.015625,236306.421875,228255.90625,235832.859375,758637
2021-08-13,231171.390625,235359.296875,240094.890625,231097.265625,231570.8125,1149992
2021-08-17,223264.125,227308.78125,240094.890625,226835.21875,237253.53125,704373
2021-08-18,223729.265625,227782.34375,230150.140625,223046.734375,227308.78125,542175
2021-08-19,213961.453125,217837.578125,227782.34375,217837.578125,225888.09375,667667
2021-08-20,216752.25,220678.9375,223993.859375,213575.546875,218784.703125,657120
2021-08-23,221403.578125,225414.53125,229676.578125,220678.9375,223046.734375,627370
2021-08-24,221403.578125,225414.53125,230150.140625,220678.9375,229676.578125,524540
2021-08-25,226054.921875,230150.140625,232044.375,225414.53125,226361.65625,400855
2021-08-26,221868.71875,225888.09375,232044.375,225414.53125,230150.140625,257886
2021-08-27,222798.984375,226835.21875,228255.90625,221626.0625,224467.421875,274459
2021-08-30,223729.265625,227782.34375,230150.140625,225414.53125,229203.015625,276030
2021-08-31,232101.671875,236306.421875,236306.421875,227308.78125,227782.34375,841527
2021-09-01,227450.3125,231570.8125,237727.09375,230623.703125,236306.421875,341048
2021-09-02,230241.125,234412.171875,237253.53125,230623.703125,235832.859375,474478
2021-09-03,232566.796875,236779.984375,237727.09375,233938.625,235832.859375,306677
2021-09-06,232566.796875,236779.984375,239621.34375,235359.296875,237727.09375,223547
2021-09-07,232101.671875,236306.421875,237727.09375,234885.734375,237253.53125,232694
2021-09-08,233962.1875,238200.65625,240568.453125,232517.9375,234412.171875,462931
2021-09-09,229776.0,233938.625,240568.453125,233465.0625,237727.09375,549749
2021-09-10,232566.796875,236779.984375,237727.09375,231097.265625,234885.734375,408537
2021-09-13,232101.671875,236306.421875,241989.140625,234412.171875,236779.984375,483865
2021-09-14,238148.40625,242462.703125,243883.375,235832.859375,237727.09375,582032
2021-09-15,230706.25,234885.734375,247671.859375,231097.265625,244356.9375,815113
2021-09-16,220473.328125,224467.421875,238200.65625,223046.734375,235832.859375,964263
2021-09-17,223264.125,227308.78125,228255.90625,219731.8125,222099.625,597968
2021-09-23,228380.59375,232517.9375,233465.0625,223520.296875,223993.859375,477712
2021-09-24,231636.53125,235832.859375,238674.21875,230150.140625,233938.625,420764
2021-09-27,233962.1875,238200.65625,240094.890625,235832.859375,236306.421875,386730
2021-09-28,242799.734375,247198.296875,249092.53125,239147.78125,243409.8125,1228932
2021-09-29,246985.9375,251460.34375,255248.8125,241515.578125,245304.0625,1328314
2021-09-30,246520.8125,250986.78125,254775.25,248618.984375,254301.703125,610043
2021-10-01,245125.40625,249566.09375,250986.78125,243883.375,249092.53125,432283
2021-10-05,246520.8125,250986.78125,255722.375,244830.5,249566.09375,636519
2021-10-06,237683.265625,241989.140625,253828.140625,241515.578125,251933.890625,624607
2021-10-07,234427.328125,238674.21875,245304.0625,231097.265625,244830.5,567279
2021-10-08,230706.25,234885.734375,242936.25,233465.0625,241042.015625,367247
2021-10-12,238613.53125,242936.25,244356.9375,232517.9375,236306.421875,527882
2021-10-13,240939.203125,245304.0625,248618.984375,241515.578125,241515.578125,324401
2021-10-14,245125.40625,249566.09375,250513.21875,241989.140625,246251.171875,526318
2021-10-15,240474.0625,244830.5,251460.34375,243883.375,249566.09375,369555
2021-10-18,240939.203125,245304.0625,249566.09375,242936.25,245304.0625,306652
2021-10-19,238613.53125,242936.25,247671.859375,239621.34375,247198.296875,303756
2021-10-20,240008.9375,244356.9375,247198.296875,243883.375,245304.0625,285164
2021-10-21,239078.65625,243409.8125,246724.734375,240568.453125,244356.9375,279400
2021-10-22,238613.53125,242936.25,244356.9375,240568.453125,241989.140625,242719
2021-10-25,238613.53125,242936.25,243409.8125,234885.734375,241042.015625,329358
2021-10-26,239078.65625,243409.8125,248618.984375,241989.140625,245304.0625,291626
2021-10-27,233497.0625,237727.09375,242936.25,237253.53125,242462.703125,225432
2021-10-28,226520.0625,230623.703125,239621.34375,230623.703125,237253.53125,404925
2021-10-29,225589.796875,229676.578125,236306.421875,229203.015625,231097.265625,445802
2021-11-01,222798.984375,226835.21875,233938.625,225414.53125,229676.578125,345056
2021-11-02,231171.390625,235359.296875,240094.890625,228255.90625,228255.90625,449670
2021-11-03,226520.0625,230623.703125,236779.984375,230150.140625,235832.859375,201835
2021-11-04,222798.984375,226835.21875,235359.296875,225414.53125,232517.9375,346609
2021-11-05,217217.390625,221152.5,229203.015625,219731.8125,229203.015625,518110
2021-11-08,217682.515625,221626.0625,223520.296875,217837.578125,223046.734375,323964
2021-11-09,216287.109375,220205.375,223520.296875,217837.578125,221152.5,310802
2021-11-10,208844.984375,212628.421875,218784.703125,212154.859375,217837.578125,410408
2021-11-11,206984.453125,210734.1875,217837.578125,210260.625,212628.421875,358637
2021-11-12,210705.515625,214522.65625,216890.453125,210734.1875,214049.09375,334202
2021-11-15,212566.0625,216416.90625,217837.578125,212628.421875,215469.78125,226773
2021-11-16,213031.171875,216890.453125,220205.375,214522.65625,216890.453125,241817
2021-11-17,206984.453125,210734.1875,218784.703125,210260.625,218784.703125,378584
2021-11-18,203263.375,206945.703125,210734.1875,206472.140625,210734.1875,308624
2021-11-19,201402.828125,205051.453125,210260.625,205051.453125,206472.140625,290596
2021-11-22,204193.65625,207892.828125,207892.828125,202210.09375,203157.21875,303665
2021-11-23,204193.65625,207892.828125,211681.296875,204577.90625,205525.015625,277752
2021-11-24,203728.515625,207419.265625,209787.0625,206472.140625,207892.828125,186700
2021-11-25,204658.765625,208366.375,213101.984375,204104.34375,207419.265625,273691
2021-11-26,194425.84375,197948.0625,208366.375,197474.5,208366.375,661827
2021-11-29,190239.625,193686.015625,196053.828125,189423.984375,192265.34375,574742
2021-11-30,180936.96875,184214.828125,196527.375,184214.828125,194633.140625,825232
2021-12-01,184658.03125,188003.296875,191318.21875,182794.140625,184214.828125,519466
2021-12-02,189774.515625,193212.46875,193686.015625,184214.828125,184688.375,359651
2021-12-03,190239.625,193686.015625,197000.9375,190844.65625,195580.265625,233407
2021-12-06,190239.625,193686.015625,195106.703125,188950.421875,193686.015625,250174
2021-12-07,188844.234375,192265.34375,195580.265625,189897.546875,194159.578125,297989
2021-12-08,193030.4375,196527.375,201262.984375,194159.578125,195106.703125,573360
2021-12-09,193495.5625,197000.9375,201262.984375,195106.703125,197474.5,437476
2021-12-10,202333.109375,205998.578125,208366.375,196053.828125,197474.5,753197
2021-12-13,201402.828125,205051.453125,209787.0625,204104.34375,206945.703125,366619
2021-12-14,196751.5,200315.859375,205998.578125,200315.859375,203157.21875,266455
2021-12-15,195356.109375,198895.1875,202210.09375,197474.5,201262.984375,213706
2021-12-16,211635.78125,215469.78125,218784.703125,200789.421875,200789.421875,1337638
2021-12-17,213961.453125,217837.578125,223046.734375,212628.421875,214522.65625,758240
2021-12-20,202798.25,206472.140625,217837.578125,206472.140625,214522.65625,551683
2021-12-21,200472.578125,204104.34375,208366.375,202683.65625,207892.828125,362504
2021-12-22,197681.78125,201262.984375,206472.140625,200315.859375,205051.453125,269310
2021-12-23,201402.828125,205051.453125,207419.265625,203157.21875,204104.34375,259353
2021-12-24,207914.703125,211681.296875,215943.34375,205525.015625,206472.140625,408589
2021-12-27,208379.84375,212154.859375,218784.703125,209787.0625,211681.296875,336996
2021-12-28,210240.375,214049.09375,216416.90625,211681.296875,212154.859375,458619
2021-12-29,222333.875,226361.65625,227308.78125,211207.734375,214996.21875,719024
2021-12-30,221868.734375,225888.09375,232991.5,221152.5,226361.65625,683364
2022-01-04,235822.734375,240094.890625,241515.578125,234412.171875,235359.296875,775874
2022-01-05,233497.078125,237727.09375,245304.0625,237253.53125,237253.53125,599740
2022-01-06,230241.140625,234412.171875,241042.015625,231097.265625,231570.8125,564104
2022-01-07,229776.015625,233938.625,239621.34375,231570.8125,236779.984375,465426
2022-01-10,228845.75,232991.5,239147.78125,231097.265625,235359.296875,285549
2022-01-11,224659.53125,228729.453125,234885.734375,223520.296875,233465.0625,479340
2022-01-12,246055.6875,250513.21875,250986.78125,233938.625,234412.171875,1442438
2022-01-13,247916.21875,252407.453125,258090.171875,251460.34375,254301.703125,1094273
2022-01-14,245125.421875,249566.09375,253828.140625,246251.171875,247671.859375,581826
2022-01-17,246520.828125,250986.78125,255722.375,247671.859375,250039.65625,491961
2022-01-18,253032.6875,257616.609375,263772.90625,249566.09375,251460.34375,1129790
2022-01-19,243264.890625,247671.859375,263299.34375,244356.9375,258563.734375,1110508
2022-01-20,246985.953125,251460.34375,256669.5,245304.0625,249566.09375,895173
2022-01-21,234427.34375,238674.21875,249092.53125,233465.0625,247671.859375,1111122
2022-01-24,230241.140625,234412.171875,238200.65625,230150.140625,233465.0625,560378
2022-01-25,218147.671875,222099.625,234412.171875,219731.8125,233465.0625,750950
2022-01-26,218147.671875,222099.625,222099.625,222099.625,222099.625,0
2022-01-27,200472.59375,204104.34375,222573.171875,202210.09375,220678.9375,1371101
2022-01-28,200937.734375,204577.90625,209313.5,188950.421875,201262.984375,1591305
2022-02-03,203263.390625,206945.703125,212628.421875,205525.015625,211207.734375,700557
2022-02-04,212100.9375,215943.34375,217364.015625,206472.140625,206945.703125,637315
2022-02-07,210705.53125,214522.65625,219731.8125,212628.421875,219731.8125,531809
2022-02-08,210705.53125,214522.65625,214522.65625,214522.65625,214522.65625,0
2022-02-09,210705.53125,214522.65625,214522.65625,214522.65625,214522.65625,0
2022-02-10,194890.984375,198421.625,207419.265625,198421.625,205051.453125,655607
2022-02-11,192565.328125,196053.828125,199842.296875,194159.578125,194159.578125,434606
2022-02-14,190239.640625,193686.015625,196053.828125,189897.546875,192265.34375,467150
2022-02-15,186518.59375,189897.546875,195580.265625,189423.984375,193686.015625,355259
2022-02-16,189309.390625,192738.90625,197948.0625,192265.34375,195106.703125,408038
2022-02-17,196751.515625,200315.859375,204104.34375,193686.015625,194159.578125,758629
2022-02-18,195821.25,199368.734375,202683.65625,197000.9375,197474.5,279769
2022-02-21,195821.25,199368.734375,199368.734375,199368.734375,199368.734375,0
2022-02-22,195821.25,199368.734375,199368.734375,199368.734375,199368.734375,0
2022-02-23,195821.25,199368.734375,199368.734375,199368.734375,199368.734375,0
2022-02-24,181867.234375,185161.9375,191791.78125,182320.578125,188476.859375,662686
2022-02-25,186983.71875,190371.109375,191318.21875,185635.5,188950.421875,377849
2022-02-28,186983.71875,190371.109375,190371.109375,190371.109375,190371.109375,0
2022-03-02,193030.453125,196527.375,197948.0625,191791.78125,192738.90625,468901
2022-03-03,197681.796875,201262.984375,209787.0625,200315.859375,206472.140625,468081
2022-03-04,197681.796875,201262.984375,201262.984375,201262.984375,201262.984375,0
2022-03-07,191169.921875,194633.140625,206945.703125,192265.34375,203630.78125,555213
2022-03-08,188379.109375,191791.78125,197948.0625,189423.984375,191318.21875,411588
2022-03-10,188379.109375,191791.78125,191791.78125,191791.78125,191791.78125,0
2022-03-11,188379.109375,191791.78125,191791.78125,191791.78125,191791.78125,0
2022-03-14,181867.234375,185161.9375,190371.109375,184688.375,187056.1875,477643
2022-03-15,181867.234375,185161.9375,185161.9375,185161.9375,185161.9375,0
2022-03-16,181867.234375,185161.9375,185161.9375,185161.9375,185161.9375,0
2022-03-17,181867.234375,185161.9375,185161.9375,185161.9375,185161.9375,0
2022-03-18,185588.3125,188950.421875,192738.90625,187056.1875,191791.78125,349160
2022-03-21,185588.3125,188950.421875,188950.421875,188950.421875,188950.421875,0
2022-03-22,197681.796875,201262.984375,201736.546875,195106.703125,196053.828125,464599
2022-03-23,195821.25,199368.734375,205998.578125,197000.9375,205525.015625,427198
2022-03-24,196751.515625,200315.859375,201736.546875,196053.828125,199368.734375,314942
2022-03-25,191635.046875,195106.703125,202683.65625,193212.46875,202683.65625,532955
2022-03-28,195356.125,198895.1875,200315.859375,193686.015625,195580.265625,329977
2022-03-29,194890.984375,198421.625,201262.984375,197000.9375,199842.296875,282805
2022-03-30,196751.515625,200315.859375,203157.21875,198895.1875,200789.421875,269030
2022-03-31,200007.453125,203630.78125,205998.578125,199842.296875,199842.296875,641049
2022-04-01,200007.453125,203630.78125,205525.015625,200315.859375,202210.09375,316226
2022-04-04,201867.984375,205525.015625,205525.015625,197948.0625,201262.984375,309355
2022-04-05,200472.59375,204104.34375,206945.703125,202683.65625,206945.703125,273148
2022-04-06,195356.125,198895.1875,201736.546875,197000.9375,201736.546875,370701
2022-04-07,187448.84375,190844.65625,195580.265625,190371.109375,193686.015625,448919
2022-04-08,192100.1875,195580.265625,195580.265625,190371.109375,191318.21875,313489
2022-04-11,192100.1875,195580.265625,199368.734375,192738.90625,193212.46875,275265
2022-04-12,186518.59375,189897.546875,194633.140625,189423.984375,193686.015625,297863
2022-04-13,191635.046875,195106.703125,195106.703125,188950.421875,191791.78125,328691
2022-04-14,194425.859375,197948.0625,197948.0625,194633.140625,196053.828125,407218
2022-04-15,193030.453125,196527.375,198895.1875,194633.140625,195580.265625,227100
2022-04-18,200937.734375,204577.90625,205525.015625,195106.703125,196527.375,590489
2022-04-19,204658.78125,208366.375,208366.375,205051.453125,205998.578125,362301
2022-04-20,202798.265625,206472.140625,208366.375,204577.90625,207419.265625,285648
2022-04-21,203728.53125,207419.265625,207892.828125,204577.90625,207892.828125,253002
2022-04-22,202798.265625,206472.140625,207419.265625,201736.546875,204104.34375,269899
2022-04-25,197681.796875,201262.984375,205998.578125,200315.859375,201736.546875,354465
2022-04-26,200007.453125,203630.78125,205998.578125,201736.546875,203157.21875,280703
2022-04-27,199077.1875,202683.65625,203157.21875,195580.265625,196053.828125,327144
2022-04-28,200472.59375,204104.34375,205051.453125,200789.421875,204577.90625,262131
2022-04-29,190704.78125,194159.578125,213101.984375,193686.015625,206472.140625,1453013
2022-05-02,189309.390625,192738.90625,194159.578125,190371.109375,191318.21875,425816
2022-05-03,188379.109375,191791.78125,194633.140625,191318.21875,194159.578125,322675
2022-05-04,188379.109375,191791.78125,193686.015625,191318.21875,192738.90625,148416
2022-05-06,188379.109375,191791.78125,192738.90625,188003.296875,189897.546875,365351
2022-05-10,186983.71875,190371.109375,191318.21875,188476.859375,190844.65625,315105
2022-05-11,186053.453125,189423.984375,191318.21875,188950.421875,189423.984375,197267
2022-05-12,183262.65625,186582.625,191318.21875,185635.5,188476.859375,297217
2022-05-13,192100.1875,195580.265625,195580.265625,186582.625,187056.1875,378791
2022-05-16,190704.78125,194159.578125,197474.5,193212.46875,197000.9375,175430
2022-05-17,193495.578125,197000.9375,197000.9375,193686.015625,194159.578125,212353
2022-05-18,193495.578125,197000.9375,200315.859375,196527.375,198895.1875,218147
2022-05-19,189774.53125,193212.46875,195580.265625,191318.21875,191791.78125,222840
2022-05-20,196286.390625,199842.296875,200789.421875,194633.140625,197000.9375,382688
2022-05-23,194425.859375,197948.0625,201262.984375,196053.828125,201262.984375,231840
2022-05-24,188379.109375,191791.78125,197948.0625,191318.21875,197474.5,196493
2022-05-25,190704.78125,194159.578125,196527.375,193212.46875,194159.578125,173965
2022-05-26,192565.328125,196053.828125,197000.9375,193686.015625,193686.015625,142293
2022-05-27,196286.390625,199842.296875,200789.421875,196053.828125,197948.0625,277396
2022-05-30,195356.125,198895.1875,201262.984375,197474.5,200789.421875,177482
2022-05-31,200472.59375,204104.34375,205051.453125,198421.625,199842.296875,773225
2022-06-02,200472.59375,204104.34375,205998.578125,202683.65625,204104.34375,245217
2022-06-03,209775.265625,213575.546875,214049.09375,206472.140625,207419.265625,631431
2022-06-07,220008.203125,223993.859375,223993.859375,217364.015625,217837.578125,1023214
2022-06-08,223264.140625,227308.78125,230150.140625,222573.171875,226835.21875,778170
2022-06-09,226985.21875,231097.265625,232991.5,225414.53125,227308.78125,620810
2022-06-10,226985.21875,231097.265625,232044.375,228255.90625,229203.015625,361126
2022-06-13,220938.46875,224940.984375,230150.140625,223993.859375,227308.78125,513109
2022-06-14,214891.734375,218784.703125,222573.171875,216416.90625,222573.171875,518489
2022-06-15,207449.59375,211207.734375,221152.5,209787.0625,220205.375,428073
2022-06-16,199542.328125,203157.21875,213575.546875,202683.65625,213101.984375,602458
2022-06-17,209775.265625,213575.546875,218311.140625,197474.5,198895.1875,1066982
2022-06-20,205123.921875,208839.9375,216416.90625,204577.90625,211207.734375,408442
2022-06-21,204658.78125,208366.375,219258.265625,206945.703125,211681.296875,401960
2022-06-22,193960.71875,197474.5,212154.859375,196527.375,212154.859375,457271
2022-06-23,185123.171875,188476.859375,199368.734375,188476.859375,197000.9375,455450
2022-06-24,184192.921875,187529.75,191318.21875,185635.5,190844.65625,544338
2022-06-27,184658.046875,188003.296875,190371.109375,185635.5,190371.109375,608404
2022-06-28,187448.84375,190844.65625,196527.375,189897.546875,190844.65625,554466
2022-06-29,186053.453125,189423.984375,195106.703125,189423.984375,190844.65625,367114
2022-06-30,178611.296875,181847.015625,190371.109375,181847.015625,190371.109375,657237
2022-07-01,165122.4375,168113.78125,183267.703125,167166.671875,181373.46875,907938
2022-07-04,165122.4375,168113.78125,170008.03125,161957.5,169534.46875,515733
2022-07-05,167913.234375,170955.140625,172849.390625,166693.109375,169534.46875,478323
2022-07-06,159075.6875,161957.5,168113.78125,161010.390625,168113.78125,556556
2022-07-07,159540.828125,162431.0625,165272.421875,161010.390625,162904.625,387240
2022-07-08,159540.828125,162431.0625,168587.34375,162431.0625,166219.546875,466023
2022-07-11,156750.03125,159589.703125,164325.296875,158642.578125,163378.1875,370173
2022-07-12,153494.09375,156274.78125,161010.390625,155327.671875,158642.578125,362330
2022-07-13,154889.5,157695.46875,157695.46875,150118.5,153906.984375,544263
2022-07-14,160471.109375,163378.1875,165272.421875,155801.21875,155801.21875,605549
2022-07-15,158610.5625,161483.9375,164798.859375,157695.46875,163378.1875,347518
2022-07-18,160936.234375,163851.75,164798.859375,161010.390625,164325.296875,259343
2022-07-19,164657.296875,167640.21875,168587.34375,163851.75,164798.859375,392127
2022-07-20,166052.703125,169060.90625,170481.578125,167166.671875,170008.03125,270855
2022-07-21,170238.90625,173322.9375,173796.5,167166.671875,168587.34375,362948
2022-07-22,166052.703125,169060.90625,172849.390625,167640.21875,172375.828125,308030
2022-07-25,166982.984375,170008.03125,170955.140625,166693.109375,166693.109375,241055
2022-07-26,170704.03125,173796.5,176164.296875,168587.34375,170481.578125,388983
2022-07-27,169773.78125,172849.390625,174743.625,170481.578125,174270.0625,189275
2022-07-28,169308.640625,172375.828125,177584.984375,169060.90625,175217.1875,344312
2022-07-29,174425.109375,177584.984375,180899.90625,172849.390625,173322.9375,727070
2022-08-01,173029.703125,176164.296875,180426.34375,175690.75,178532.109375,279985
2022-08-02,167448.09375,170481.578125,176637.859375,170008.03125,176164.296875,376746
2022-08-03,172099.4375,175217.1875,175217.1875,170481.578125,170955.140625,282448
2022-08-04,171634.3125,174743.625,178058.546875,174270.0625,175690.75,332510
2022-08-05,172564.578125,175690.75,176637.859375,173796.5,175217.1875,274244
2022-08-08,181867.234375,185161.9375,185635.5,175690.75,176637.859375,688189
2022-08-09,181402.109375,184688.375,188003.296875,183267.703125,185635.5,449553
2022-08-10,177681.046875,180899.90625,185635.5,180426.34375,184688.375,251005
2022-08-11,184658.046875,188003.296875,188950.421875,183267.703125,184688.375,399665
2022-08-12,185588.3125,188950.421875,193686.015625,185635.5,188003.296875,359237
2022-08-16,189309.390625,192738.90625,200315.859375,187529.75,189897.546875,648558
2022-08-17,195356.125,198895.1875,202210.09375,194633.140625,194633.140625,632177
2022-08-18,195821.25,199368.734375,200789.421875,194633.140625,197948.0625,323866
2022-08-19,190239.640625,193686.015625,199842.296875,190844.65625,199842.296875,373224
2022-08-22,190704.78125,194159.578125,197000.9375,189897.546875,189897.546875,314181
2022-08-23,188379.109375,191791.78125,195106.703125,190844.65625,192738.90625,253060
2022-08-24,190704.78125,194159.578125,202210.09375,193686.015625,194159.578125,441210
2022-08-25,190704.78125,194159.578125,199368.734375,192265.34375,197000.9375,266827
2022-08-26,189309.390625,192738.90625,195106.703125,190844.65625,194633.140625,293552
2022-08-29,182797.515625,186109.0625,188950.421875,185161.9375,186109.0625,364313
2022-08-30,182797.515625,186109.0625,189897.546875,182794.140625,188003.296875,286352
2022-08-31,176750.78125,179952.78125,184214.828125,176637.859375,183741.265625,747827
2022-09-01,166052.703125,169060.90625,177584.984375,169060.90625,177111.421875,1026600
2022-09-02,168843.5,171902.265625,173322.9375,168113.78125,170481.578125,453191
2022-09-05,173029.703125,176164.296875,178058.546875,170955.140625,170955.140625,456949
2022-09-06,174425.109375,177584.984375,182794.140625,176164.296875,179479.21875,321931
2022-09-07,171634.3125,174743.625,178532.109375,172849.390625,176637.859375,253351
2022-09-08,176285.640625,179479.21875,179479.21875,169534.46875,173796.5,489782
2022-09-13,179076.4375,182320.578125,183741.265625,179479.21875,183741.265625,389297
2022-09-14,175820.5,179005.65625,180899.90625,174743.625,175690.75,327585
2022-09-15,172099.4375,175217.1875,180426.34375,175217.1875,179952.78125,218795
2022-09-16,165122.4375,168113.78125,172849.390625,166693.109375,172849.390625,430732
2022-09-19,164192.171875,167166.671875,170955.140625,166693.109375,169060.90625,212213
2022-09-20,166517.84375,169534.46875,174743.625,168587.34375,169534.46875,284040
2022-09-21,166052.703125,169060.90625,171428.703125,166693.109375,168587.34375,280836
2022-09-22,163261.90625,166219.546875,166693.109375,161957.5,166219.546875,364603
2022-09-23,153028.953125,155801.21875,166219.546875,154854.109375,166219.546875,588265
2022-09-26,147447.359375,150118.5,154380.546875,148697.828125,152012.75,463336
2022-09-27,140470.359375,143015.109375,150118.5,140647.3125,149644.953125,695266
2022-09-28,138144.6875,140647.3125,143488.671875,138753.0625,143015.109375,420073
2022-09-29,135819.015625,138279.5,145856.46875,137805.953125,143488.671875,454806
2022-09-30,133493.34375,135911.703125,139700.1875,134964.59375,137332.390625,343453
2022-10-04,143261.15625,145856.46875,146803.59375,139700.1875,140173.75,398223
2022-10-05,145586.828125,148224.265625,152486.3125,146330.03125,151065.625,463370
2022-10-06,142330.890625,144909.34375,151539.1875,143015.109375,150118.5,498546
2022-10-07,147447.359375,150118.5,151065.625,143015.109375,143962.21875,537496
2022-10-11,145121.6875,147750.703125,150592.0625,144909.34375,145382.90625,559544
2022-10-12,146517.09375,149171.390625,149171.390625,142067.984375,146330.03125,311152
2022-10-13,140935.5,143488.671875,147750.703125,143015.109375,146803.59375,381105
2022-10-14,146051.953125,148697.828125,151539.1875,145856.46875,146330.03125,429666
2022-10-17,145586.828125,148224.265625,148697.828125,143488.671875,145382.90625,224069
2022-10-18,145586.828125,148224.265625,151065.625,146803.59375,150592.0625,266136
2022-10-19,152098.703125,154854.109375,157695.46875,147750.703125,149171.390625,563309
2022-10-20,144191.4375,146803.59375,153433.421875,144909.34375,153433.421875,605241
2022-10-21,145121.6875,147750.703125,149644.953125,146803.59375,147277.140625,234564
2022-10-24,144191.4375,146803.59375,152012.75,146330.03125,150118.5,275763
2022-10-25,143261.15625,145856.46875,149171.390625,144909.34375,146803.59375,267570
2022-10-26,143261.15625,145856.46875,149171.390625,145382.90625,145856.46875,297190
2022-10-27,158145.4375,161010.390625,161010.390625,147750.703125,148224.265625,1057048
2022-10-28,156750.03125,159589.703125,163851.75,159116.140625,159116.140625,553802
2022-10-31,160936.234375,163851.75,166693.109375,160063.265625,162904.625,640703
2022-11-01,169773.78125,172849.390625,176164.296875,164798.859375,165272.421875,1305777
2022-11-02,170704.03125,173796.5,182794.140625,170481.578125,170955.140625,1172958
2022-11-03,176285.640625,179479.21875,181847.015625,167640.21875,169534.46875,1147883
2022-11-04,165122.4375,168113.78125,179479.21875,166693.109375,179479.21875,1017542
2022-11-07,168843.5,171902.265625,174743.625,169534.46875,170481.578125,577111
2022-11-08,172099.4375,175217.1875,179005.65625,171902.265625,174270.0625,601584
2022-11-09,170238.90625,173322.9375,178532.109375,172375.828125,177111.421875,367457
2022-11-10,168378.375,171428.703125,175217.1875,168587.34375,170008.03125,296813
2022-11-11,169773.78125,172849.390625,177584.984375,171428.703125,176637.859375,591260
2022-11-14,167448.09375,170481.578125,173322.9375,168113.78125,172849.390625,541116
2022-11-15,165587.5625,168587.34375,170955.140625,167166.671875,169534.46875,388905
2022-11-16,165122.4375,168113.78125,170481.578125,164798.859375,169534.46875,355728
2022-11-17,159075.6875,161957.5,170008.03125,161957.5,167640.21875,424831
2022-11-18,160471.109375,163378.1875,166693.109375,160536.828125,161957.5,315494
2022-11-21,158610.5625,161483.9375,164325.296875,157221.90625,163851.75,376427
2022-11-22,155819.75,158642.578125,161483.9375,157695.46875,161010.390625,207611
2022-11-23,156750.03125,159589.703125,161483.9375,157695.46875,160536.828125,290292
2022-11-24,157215.171875,160063.265625,161010.390625,157695.46875,159589.703125,308164
2022-11-25,163261.90625,166219.546875,170008.03125,159116.140625,161010.390625,820827
2022-11-28,162331.625,165272.421875,170008.03125,163378.1875,167640.21875,496285
2022-11-29,162796.765625,165745.984375,167166.671875,161483.9375,165272.421875,303092
2022-11-30,166517.84375,169534.46875,169534.46875,162431.0625,166219.546875,515634
2022-12-01,165122.4375,168113.78125,172849.390625,166693.109375,172849.390625,480623
2022-12-02,161866.5,164798.859375,167166.671875,162904.625,166693.109375,303094
2022-12-05,159540.828125,162431.0625,165745.984375,161483.9375,164798.859375,251937
2022-12-06,158610.5625,161483.9375,162431.0625,158169.03125,160063.265625,293899
2022-12-07,153028.953125,155801.21875,161957.5,155327.671875,160063.265625,373914
2022-12-08,152098.703125,154854.109375,159116.140625,153906.984375,153906.984375,359582
2022-12-09,156750.03125,159589.703125,161010.390625,154380.546875,155327.671875,439204
2022-12-12,156284.890625,159116.140625,161483.9375,157221.90625,157221.90625,265116
2022-12-13,157680.296875,160536.828125,161483.9375,155801.21875,160536.828125,247386
2022-12-14,158145.4375,161010.390625,162431.0625,159589.703125,160536.828125,158463
2022-12-15,155819.75,158642.578125,162904.625,158169.03125,161010.390625,201229
2022-12-16,157680.296875,160536.828125,160536.828125,154854.109375,155801.21875,237913
2022-12-19,156284.890625,159116.140625,159116.140625,156748.34375,158642.578125,141466
2022-12-20,153494.09375,156274.78125,158169.03125,155801.21875,157695.46875,166701
2022-12-21,153959.234375,156748.34375,157695.46875,155801.21875,157695.46875,138389
2022-12-22,155819.75,158642.578125,160063.265625,155327.671875,156748.34375,256494
2022-12-23,150238.15625,152959.859375,158169.03125,152486.3125,156274.78125,225437
2022-12-26,149773.03125,152486.3125,153906.984375,152012.75,153433.421875,169891
2022-12-27,149773.03125,152486.3125,153906.984375,151539.1875,152486.3125,204580
2022-12-28,150530.03125,153257.03125,157663.78125,150808.828125,157174.140625,324046
2022-12-29,148125.390625,150808.828125,153257.03125,149829.5625,151788.109375,206211
2023-01-02,149087.25,151788.109375,156194.859375,151788.109375,152277.75,186127
2023-01-03,144758.921875,147381.359375,152767.390625,144443.53125,151298.46875,354535
2023-01-04,143797.0625,146402.078125,147871.0,141016.046875,144443.53125,288040
2023-01-05,142354.296875,144933.171875,148360.640625,144443.53125,146891.71875,256005
2023-01-06,144758.921875,147381.359375,148360.640625,142974.609375,142974.609375,195371
2023-01-09,146682.625,149339.921875,150319.1875,147381.359375,149829.5625,295988
2023-01-10,142835.203125,145422.796875,150319.1875,144933.171875,149339.921875,551711
2023-01-11,147644.46875,150319.1875,150319.1875,146402.078125,146402.078125,418478
2023-01-12,151010.96875,153746.671875,154725.953125,150808.828125,152277.75,373232
2023-01-13,153896.515625,156684.5,159132.703125,154236.3125,154236.3125,330798
2023-01-16,151491.890625,154236.3125,157663.78125,153257.03125,157174.140625,373165
2023-01-17,149568.1875,152277.75,154725.953125,150319.1875,154236.3125,254132
2023-01-18,148125.390625,150808.828125,153257.03125,149829.5625,153257.03125,274954
2023-01-19,148606.328125,151298.46875,152277.75,148850.28125,148850.28125,189544
2023-01-20,150530.03125,153257.03125,153257.03125,150319.1875,150319.1875,168782
2023-01-25,155339.296875,158153.421875,159426.484375,155215.578125,155705.21875,1667
2023-01-26,158128.671875,160993.328125,161091.25,155215.578125,158349.28125,2463
2023-01-27,163034.125,165987.640625,166966.921875,161385.03125,162070.53125,1023
2023-01-30,163034.125,165987.640625,165693.859375,159916.125,165595.9375,1596
2023-01-31,155916.40625,158740.984375,162853.953125,158153.421875,160405.765625,556
2023-02-01,164092.15625,167064.84375,168142.0625,157761.703125,158936.84375,3697
2023-02-02,166400.625,169415.125,172352.953125,168337.90625,168435.84375,973
2023-02-03,164669.28125,167652.421875,169415.125,164910.4375,167946.203125,1552
2023-02-06,165438.765625,168435.84375,170786.109375,165008.359375,166771.0625,3398
2023-02-07,156397.34375,159230.625,171373.671875,159230.625,167652.421875,14977
2023-02-08,158801.984375,161678.828125,162266.390625,159426.484375,159622.34375,2940
2023-02-09,158801.984375,161678.828125,168044.125,159818.1875,160699.546875,4178
2023-02-10,162360.84375,165302.15625,164812.515625,161776.75,163441.515625,2764
2023-02-13,162649.390625,165595.9375,168729.625,164029.09375,164029.09375,2358
2023-02-14,161110.421875,164029.09375,167162.78125,163343.59375,166477.28125,1714
2023-02-15,149087.25,151788.109375,162070.53125,150417.125,162070.53125,12260
2023-02-16,153896.515625,156684.5,158349.28125,152669.46875,152767.390625,8212
2023-02-17,154185.078125,156978.28125,158055.484375,153061.171875,154040.453125,5377
2023-02-20,152549.9375,155313.515625,157370.0,153844.59375,156586.578125,3072
2023-02-21,155820.234375,158643.0625,159230.625,156194.859375,156880.359375,6792
2023-02-22,152742.296875,155509.375,158153.421875,155411.4375,157174.140625,1658
2023-02-23,150530.03125,153257.03125,156586.578125,152865.3125,156488.640625,3404
2023-02-24,149183.4375,151886.03125,153648.734375,151788.109375,153257.03125,2504
2023-02-27,146105.5,148752.34375,150906.765625,146891.71875,150906.765625,475932
2023-02-28,144374.171875,146989.640625,150123.34375,146989.640625,149731.625,610555
2023-03-02,154377.453125,157174.140625,157663.78125,147381.359375,148066.859375,1104989
2023-03-03,154666.0,157467.921875,160699.546875,155411.4375,158838.90625,645950
2023-03-06,161591.359375,164518.734375,165498.0,155999.0,159524.40625,1192821
2023-03-07,170055.65625,173136.375,176172.140625,165693.859375,166281.421875,1712860
2023-03-08,164380.734375,167358.640625,170492.328125,165008.359375,170394.390625,801786
2023-03-09,158609.609375,161482.96875,168435.84375,159818.1875,168337.90625,1277727
2023-03-10,166881.53125,169904.75,170786.109375,158643.0625,159916.125,1223625
2023-03-13,169382.359375,172450.875,172842.59375,165106.296875,168239.984375,751643
2023-03-14,163515.046875,166477.28125,170981.96875,165400.078125,170786.109375,571996
2023-03-15,158898.15625,161776.75,169415.125,160601.609375,169415.125,860126
2023-03-16,157263.0,160111.96875,162658.09375,157174.140625,159426.484375,605233
2023-03-17,156012.59375,158838.90625,161678.828125,157467.921875,161385.03125,575649
2023-03-20,152357.5625,155117.65625,159034.765625,154040.453125,158740.984375,606896
2023-03-21,150722.40625,153452.890625,156194.859375,152277.75,155117.65625,554537
2023-03-22,154666.0,157467.921875,158349.28125,153061.171875,155803.15625,715363
2023-03-23,153127.03125,155901.078125,157761.703125,154432.15625,155607.296875,609784
2023-03-24,153511.78125,156292.796875,158838.90625,153550.8125,157565.859375,546706
2023-03-27,160437.125,163343.59375,165889.71875,157467.921875,158349.28125,1108448
2023-03-28,156974.453125,159818.1875,165008.359375,158251.34375,164518.734375,757906
2023-03-29,158224.859375,161091.25,163147.734375,158838.90625,160601.609375,498788
2023-03-30,180058.9375,183320.875,190861.3125,159720.265625,163147.734375,6229294
2023-03-31,172460.28125,175584.5625,181558.171875,174017.71875,179697.53125,1987535
2023-04-03,173133.578125,176270.0625,180872.671875,175486.640625,177738.984375,1208098
2023-04-04,174287.8125,177445.203125,184300.140625,175780.421875,178816.1875,1483668
2023-04-05,172267.921875,175388.71875,179109.96875,174213.578125,178130.6875,766392
2023-04-06,169478.546875,172548.8125,175094.9375,169513.046875,174899.078125,903352
2023-04-07,176500.0625,179697.53125,183810.5,170492.328125,172548.8125,1745849
2023-04-10,190158.375,193603.28125,194974.28125,183222.9375,185181.5,2374111
2023-04-11,195256.21875,198793.46875,204669.125,192036.4375,201731.296875,1639740
2023-04-12,185830.046875,189196.53125,200262.375,188511.046875,196345.265625,1408023
2023-04-13,184387.28125,187727.625,188511.046875,182341.59375,184593.921875,942696
2023-04-14,183136.859375,186454.5625,189588.25,185377.34375,189490.3125,684420
2023-04-17,186118.59375,189490.3125,194190.859375,186552.484375,187923.46875,984886
2023-04-18,180828.421875,184104.296875,191448.875,181656.09375,191448.875,1104094
2023-04-19,180347.484375,183614.65625,185377.34375,182537.4375,184300.140625,550527
2023-04-20,178327.59375,181558.171875,184496.0,180676.8125,181656.09375,479380
2023-04-21,175057.296875,178228.625,180970.59375,174409.4375,180676.8125,728314
2023-04-24,172267.921875,175388.71875,177641.046875,174311.515625,175976.28125,441567
2023-04-25,168420.515625,171471.609375,176270.0625,167652.421875,175976.28125,721679
2023-04-26,170728.953125,173821.875,175780.421875,169610.96875,170198.546875,516519
2023-04-27,171787.0,174899.078125,175388.71875,170590.25,172352.953125,525982
2023-04-28,166496.796875,169513.046875,177738.984375,168239.984375,177151.421875,773251
2023-05-02,173037.40625,176172.140625,177053.484375,169904.75,170884.03125,706448
2023-05-03,169093.796875,172157.09375,175486.640625,171961.234375,174997.0,405943
2023-05-04,172171.734375,175290.78125,178914.109375,169904.75,171471.609375,799805
2023-05-08,177942.84375,181166.453125,188315.1875,179403.75,179795.46875,1572971
2023-05-09,181790.265625,185083.5625,186748.34375,178522.40625,183712.578125,910271
2023-05-10,173422.140625,176563.84375,183516.71875,176368.0,183125.015625,695679
2023-05-11,171402.25,174507.359375,178130.6875,173821.875,176074.203125,460919
2023-05-12,170344.203125,173430.15625,176563.84375,173038.453125,174115.65625,304954
2023-05-15,169286.171875,172352.953125,173626.015625,170688.171875,173430.15625,319164
2023-05-16,170248.03125,173332.234375,174801.140625,171863.3125,173332.234375,307015
2023-05-17,175153.46875,178326.546875,178718.265625,172059.171875,173332.234375,414050
2023-05-18,175442.03125,178620.328125,179697.53125,176270.0625,179599.609375,279758
2023-05-19,170825.140625,173919.796875,179795.46875,173821.875,179795.46875,494517
2023-05-22,173806.890625,176955.5625,177249.34375,172940.515625,173919.796875,375494
2023-05-23,176981.0,180187.171875,182831.234375,177738.984375,178130.6875,636222
2023-05-24,176788.640625,179991.328125,181460.234375,177836.90625,179403.75,304260
2023-05-25,178616.15625,181851.953125,184691.859375,179991.328125,181068.53125,609466
2023-05-26,175826.78125,179012.046875,181068.53125,177738.984375,181068.53125,319478
2023-05-30,184579.640625,187923.46875,189392.390625,181264.390625,181656.09375,1055914
2023-05-31,181886.453125,185181.5,188706.890625,185181.5,185866.984375,694333
2023-06-01,186695.71875,190077.890625,190371.671875,185377.34375,185475.28125,674706
2023-06-02,190446.953125,193897.078125,195072.203125,188608.96875,190567.53125,723291
2023-06-05,192082.09375,195561.84375,198793.46875,192917.796875,195855.625,461836
2023-06-07,198622.703125,202220.9375,203200.21875,196345.265625,196345.265625,759252
2023-06-08,190543.125,193995.0,200752.015625,192134.375,200752.015625,884763
2023-06-09,192851.578125,196345.265625,197814.1875,194484.640625,195855.625,528681
2023-06-12,193332.5,196834.90625,199772.734375,195855.625,197814.1875,390873
2023-06-13,191985.921875,195463.921875,197324.546875,191938.515625,196345.265625,632570
2023-06-14,185541.484375,188902.75,196834.90625,187727.625,196834.90625,880360
2023-06-15,183617.796875,186944.203125,192721.9375,185769.0625,189979.953125,663359
2023-06-16,181020.78125,184300.140625,188706.890625,184104.296875,187727.625,666788
2023-06-19,181309.328125,184593.921875,184887.71875,181949.875,183712.578125,451278
2023-06-20,177077.1875,180285.109375,184104.296875,179795.46875,184006.359375,644620
2023-06-21,174768.75,177934.84375,182439.515625,177836.90625,179599.609375,512104
2023-06-22,175826.78125,179012.046875,180383.03125,177151.421875,177738.984375,399475
2023-06-23,175634.40625,178816.1875,185769.0625,178228.625,183908.4375,759399
2023-06-26,164957.84375,167946.203125,169708.90625,162853.953125,165987.640625,1968454
2023-06-27,160918.046875,163833.234375,167946.203125,163245.671875,166575.21875,878173
2023-06-28,154569.828125,157370.0,164910.4375,157272.0625,164127.015625,1003390
2023-06-29,151972.828125,154725.953125,158838.90625,154530.09375,157076.21875,605559
2023-06-30,152453.734375,155215.578125,157076.21875,154628.015625,155117.65625,455425
2023-07-03,157263.0,160111.96875,162266.390625,157076.21875,157174.140625,723433
2023-07-04,160340.9375,163245.671875,166379.359375,161287.109375,162560.171875,830613
2023-07-05,160918.046875,163833.234375,165889.71875,161189.1875,163343.59375,603248
2023-07-06,159571.46875,162462.25,165400.078125,161874.671875,165008.359375,489417
2023-07-07,159667.640625,162560.171875,165204.21875,160797.46875,162560.171875,468154
2023-07-10,156878.265625,159720.265625,163931.15625,159524.40625,163245.671875,547636
2023-07-11,158224.859375,161091.25,163441.515625,159818.1875,159916.125,458195
2023-07-12,159667.640625,162560.171875,163833.234375,160895.390625,162070.53125,445607
2023-07-13,159090.53125,161972.609375,164910.4375,161385.03125,163735.296875,676786
2023-07-14,157455.375,160307.828125,162462.25,158251.34375,161678.828125,580493
2023-07-17,157743.921875,160601.609375,162364.3125,158153.421875,160307.828125,566381
2023-07-18,163995.984375,166966.921875,168827.546875,163245.671875,163735.296875,1266744
2023-07-19,163034.125,165987.640625,169023.40625,164714.578125,169023.40625,705963
2023-07-20,167073.90625,170100.609375,178620.328125,166966.921875,167064.84375,1871514
2023-07-21,169959.484375,173038.453125,174605.296875,166771.0625,169806.828125,800936
2023-07-24,189004.171875,192428.15625,195170.125,174605.296875,174801.140625,3578125
2023-07-25,197660.84375,201241.65625,202710.578125,193113.65625,197814.1875,2002240
2023-07-26,196698.984375,200262.375,224744.328125,188021.40625,204179.484375,4712591
2023-07-27,179866.5625,183125.015625,199772.734375,180480.953125,199772.734375,2273219
2023-07-28,182271.1875,185573.203125,187727.625,178424.46875,178718.265625,1413819
2023-07-31,207760.296875,211524.078125,215930.828125,192134.375,192330.21875,2530347
2023-08-01,199584.5625,203200.21875,222296.140625,200752.015625,221806.5,1870353
2023-08-02,191793.546875,195268.0625,205648.40625,194974.28125,197814.1875,1061068
2023-08-03,202825.625,206500.0,212000.0,194700.0,197100.0,1262378
2023-08-04,199387.90625,203000.0,210500.0,202000.0,210000.0,697439
2023-08-07,188976.515625,192400.0,202500.0,190500.0,201000.0,944265
2023-08-08,187896.078125,191300.0,196500.0,188800.0,194800.0,712657
2023-08-09,187404.984375,190800.0,194500.0,189500.0,190000.0,489700
2023-08-10,187110.3125,190500.0,195500.0,189600.0,190000.0,664665
2023-08-11,187110.3125,190500.0,192400.0,188000.0,191600.0,402075
2023-08-14,180922.421875,184200.0,192200.0,184200.0,190500.0,523143
2023-08-16,176207.828125,179400.0,185600.0,178600.0,182000.0,556181
2023-08-17,176306.046875,179500.0,180100.0,174500.0,177100.0,517933
2023-08-18,171002.140625,174100.0,177600.0,173200.0,177600.0,483311
2023-08-21,172868.328125,176000.0,179300.0,174200.0,174200.0,337177
2023-08-22,173850.53125,177000.0,180600.0,174500.0,178500.0,370166
2023-08-23,170412.8125,173500.0,178000.0,172800.0,177600.0,321459
2023-08-24,171100.359375,174200.0,176600.0,171200.0,173700.0,359210
2023-08-25,169921.703125,173000.0,173600.0,169100.0,171200.0,356577
2023-08-28,174145.203125,177300.0,177300.0,173500.0,174800.0,333116
2023-08-29,172868.328125,176000.0,179700.0,175800.0,178600.0,289573
2023-08-30,176797.15625,180000.0,181700.0,177200.0,178900.0,378932
2023-08-31,174341.640625,177500.0,184100.0,176600.0,182800.0,494683
2023-09-01,172868.328125,176000.0,180600.0,174500.0,179000.0,348063
2023-09-04,176306.046875,179500.0,180000.0,174700.0,174800.0,334792
2023-09-05,175618.5,178800.0,179600.0,176900.0,179200.0,255867
2023-09-06,171395.015625,174500.0,181100.0,173700.0,180200.0,557968
2023-09-07,169627.046875,172700.0,177000.0,171000.0,175100.0,424496
2023-09-08,167957.296875,171000.0,172900.0,169300.0,171600.0,382789
2023-09-11,164912.453125,167900.0,171600.0,166600.0,170900.0,408346
2023-09-12,164028.46875,167000.0,171000.0,164700.0,168900.0,409015
2023-09-13,157054.796875,159900.0,168000.0,159500.0,166000.0,824011
2023-09-14,159313.875,162200.0,162300.0,157100.0,160300.0,724448
2023-09-15,156760.140625,159600.0,162600.0,157000.0,161900.0,1236868
2023-09-18,161671.171875,164600.0,167900.0,160600.0,160700.0,1106747
2023-09-19,161278.296875,164200.0,167500.0,163800.0,165100.0,676735
2023-09-20,161474.734375,164400.0,165700.0,162500.0,164200.0,339998
2023-09-21,156170.8125,159000.0,162700.0,158700.0,162500.0,534748
2023-09-22,155286.828125,158100.0,158800.0,155900.0,157000.0,371658
2023-09-25,152438.4375,155200.0,158500.0,154600.0,156500.0,392219
2023-09-26,146938.078125,149600.0,162500.0,149000.0,160100.0,1000496
2023-09-27,146152.3125,148800.0,148900.0,145200.0,145200.0,818037
2023-10-04,138589.328125,141100.0,146100.0,140700.0,146000.0,831394
2023-10-05,137017.796875,139500.0,143300.0,139200.0,142000.0,823095
2023-10-06,136232.03125,138700.0,141300.0,138000.0,139500.0,607325
2023-10-10,133874.734375,136300.0,142600.0,135800.0,141900.0,886919
2023-10-11,140259.078125,142800.0,143400.0,138200.0,138900.0,699986
2023-10-12,144187.90625,146800.0,149300.0,141600.0,143500.0,885280
2023-10-13,144482.5625,147100.0,148300.0,144900.0,145400.0,353932
2023-10-16,146348.75,149000.0,150600.0,145800.0,147000.0,553977
2023-10-17,146938.078125,149600.0,153400.0,149500.0,150900.0,489167
2023-10-18,144580.78125,147200.0,150000.0,146400.0,148900.0,489900
2023-10-19,141437.71875,144000.0,148500.0,143500.0,144900.0,459948
2023-10-20,138491.109375,141000.0,144400.0,140600.0,142000.0,428892
2023-10-23,137803.5625,140300.0,141500.0,139100.0,140000.0,398644
2023-10-24,138491.109375,141000.0,141400.0,135800.0,140200.0,586719
2023-10-25,130633.453125,133000.0,141300.0,133000.0,141100.0,769100
2023-10-26,122481.140625,124700.0,130000.0,124500.0,129900.0,1013987
2023-10-27,122088.2578125,124300.0,128000.0,123400.0,124800.0,795838
2023-10-30,123659.7890625,125900.0,126100.0,122900.0,123300.0,511164
2023-10-31,120025.625,122200.0,126200.0,121300.0,125900.0,543855
2023-11-01,118257.6484375,120400.0,126200.0,120100.0,123400.0,486450
2023-11-02,125329.5390625,127600.0,127900.0,122000.0,122000.0,750765
2023-11-03,134660.5,137100.0,142000.0,128500.0,130800.0,2182595
2023-11-06,152733.09375,155500.0,158600.0,141600.0,145000.0,2562784
2023-11-07,141928.828125,144500.0,153000.0,140900.0,153000.0,1494573
2023-11-08,136526.6875,139000.0,147000.0,139000.0,144000.0,774289
2023-11-09,133580.078125,136000.0,140000.0,135600.0,139700.0,566872
2023-11-10,128963.703125,131300.0,133600.0,131100.0,133600.0,427428
2023-11-13,128669.0390625,131000.0,134800.0,130400.0,132700.0,371436
2023-11-14,131910.3125,134300.0,136500.0,132400.0,133100.0,497182
2023-11-15,137214.234375,139700.0,140500.0,137800.0,139500.0,599931
2023-11-16,136330.25,138800.0,141000.0,137900.0,141000.0,354823
2023-11-17,133678.296875,136100.0,137300.0,135200.0,137100.0,316282
2023-11-20,138098.21875,140600.0,140900.0,136600.0,137400.0,339299
2023-11-21,139669.75,142200.0,142300.0,139200.0,141400.0,341776
2023-11-22,139767.96875,142300.0,142800.0,140200.0,140900.0,210744
2023-11-23,140160.859375,142700.0,144000.0,141300.0,142300.0,201099
2023-11-24,138982.203125,141500.0,144000.0,141100.0,143300.0,181347
2023-11-27,137508.890625,140000.0,141900.0,139500.0,141500.0,195480
2023-11-28,138785.765625,141300.0,142800.0,140400.0,141000.0,226814
2023-11-29,139767.96875,142300.0,142700.0,140100.0,141800.0,261047
2023-11-30,140553.734375,143100.0,143100.0,140100.0,141600.0,325130
2023-12-01,132008.546875,134400.0,141500.0,134400.0,141500.0,922667
2023-12-04,133383.625,135800.0,137900.0,134600.0,136500.0,419669
2023-12-05,132794.3125,135200.0,136500.0,134500.0,135800.0,249212
2023-12-06,132401.421875,134800.0,136200.0,134500.0,135200.0,207571
2023-12-07,131713.875,134100.0,135200.0,133100.0,134800.0,252362
2023-12-08,133187.1875,135600.0,135900.0,134100.0,135200.0,259473
2023-12-11,132401.421875,134800.0,136400.0,134100.0,136000.0,221307
2023-12-12,131222.78125,133600.0,135800.0,133200.0,134900.0,361459
2023-12-13,128767.2578125,131100.0,133400.0,130800.0,133100.0,359670
2023-12-14,135151.59375,137600.0,137600.0,132500.0,133000.0,772706
2023-12-15,136133.8125,138600.0,140900.0,137900.0,138000.0,534013
2023-12-18,135053.375,137500.0,140000.0,136700.0,140000.0,304078
2023-12-19,136330.25,138800.0,139000.0,137400.0,138400.0,253389
2023-12-20,137116.015625,139600.0,141000.0,138300.0,139700.0,389389
2023-12-21,135446.265625,137900.0,139700.0,137700.0,137800.0,254701
2023-12-22,136330.25,138800.0,139800.0,137900.0,138900.0,259761
2023-12-26,135348.046875,137800.0,139800.0,136600.0,139500.0,310798
2023-12-27,136624.90625,139100.0,140100.0,137200.0,137900.0,293588
2023-12-28,137803.5625,140300.0,140300.0,138500.0,139000.0,325192
2024-01-02,137705.34375,140200.0,140300.0,138100.0,139800.0,286766
2024-01-03,131910.3125,134300.0,139000.0,134300.0,139000.0,514164
2024-01-04,131321.0,133700.0,135100.0,132800.0,133900.0,297763
2024-01-05,131124.5625,133500.0,135300.0,133200.0,133700.0,250665
2024-01-08,129651.2421875,132000.0,134900.0,131800.0,134000.0,271273
2024-01-09,129258.359375,131600.0,134200.0,131500.0,133500.0,263994
2024-01-10,126606.40625,128900.0,132300.0,128800.0,131500.0,359356
2024-01-11,124445.5546875,126700.0,129800.0,126700.0,129100.0,574183
2024-01-12,122382.9140625,124600.0,127300.0,124000.0,126900.0,377304
2024-01-15,121204.2734375,123400.0,125700.0,124100.0,124900.0,53616
2024-01-16,120222.0625,122400.0,124400.0,122100.0,122500.0,244219
2024-01-17,115802.1328125,117900.0,122500.0,117900.0,122400.0,567740
2024-01-18,114525.265625,116600.0,120500.0,116400.0,117300.0,397572
2024-01-19,111578.6484375,113600.0,118100.0,112700.0,116900.0,620539
2024-01-22,106372.953125,108300.0,114700.0,108300.0,113500.0,778932
2024-01-23,107846.265625,109800.0,110900.0,107500.0,107800.0,457394
2024-01-24,110105.3359375,112100.0,115300.0,109300.0,109800.0,505801
2024-01-25,110105.3359375,112100.0,112700.0,108900.0,111600.0,347207
2024-01-26,113739.5,115800.0,117400.0,110300.0,110300.0,463460
2024-01-29,118159.4296875,120300.0,120600.0,116200.0,117100.0,417349
2024-01-30,114721.7109375,116800.0,122200.0,116800.0,121400.0,391765
2024-01-31,115016.3671875,117100.0,118800.0,115700.0,116100.0,267405
2024-02-01,119043.4140625,121200.0,121500.0,116300.0,116300.0,353237
2024-02-02,122186.4765625,124400.0,124800.0,120600.0,121600.0,395620
2024-02-05,124838.4375,127100.0,128700.0,121300.0,124400.0,567422
2024-02-06,118650.53125,120800.0,130900.0,120000.0,129400.0,1101077
2024-02-07,118846.9765625,121000.0,123700.0,119400.0,121200.0,663618
2024-02-08,118846.9765625,121000.0,122900.0,120800.0,122200.0,424162
2024-02-13,120713.1640625,122900.0,124000.0,121800.0,121800.0,381580
2024-02-14,119927.3984375,122100.0,123000.0,120600.0,121900.0,250400
2024-02-15,119927.3984375,122100.0,123700.0,121700.0,123700.0,214590
2024-02-16,124838.4375,127100.0,127300.0,123800.0,123800.0,490180
2024-02-19,126606.40625,128900.0,130800.0,127200.0,127200.0,509358
2024-02-20,123758.0078125,126000.0,129600.0,125300.0,128900.0,363614
2024-02-21,121891.8125,124100.0,126400.0,123800.0,124900.0,301311
2024-02-22,121302.4921875,123500.0,125500.0,123500.0,125300.0,214849
2024-02-23,121007.828125,123200.0,125000.0,123000.0,123600.0,248423
2024-02-26,118650.53125,120800.0,123300.0,120200.0,123300.0,319428
2024-02-27,116489.6796875,118600.0,122500.0,118300.0,121700.0,299483
2024-02-28,117471.8828125,119600.0,120200.0,118500.0,118900.0,275426
2024-02-29,115016.3671875,117100.0,119300.0,116700.0,118400.0,539100
2024-03-04,114918.1484375,117000.0,119700.0,117000.0,117500.0,338468
2024-03-05,115311.03125,117400.0,118700.0,116200.0,116900.0,389662
2024-03-06,113641.28125,115700.0,117700.0,115100.0,117300.0,352436
2024-03-07,116686.1171875,118800.0,119800.0,115200.0,116000.0,489113
2024-03-08,116882.5625,119000.0,121200.0,118800.0,120000.0,320682
2024-03-11,116489.6796875,118600.0,119500.0,117500.0,118000.0,192984
2024-03-12,118748.7578125,120900.0,121200.0,119300.0,119700.0,380181
2024-03-13,117668.328125,119800.0,123200.0,119600.0,123100.0,409170
2024-03-14,118552.3125,120700.0,121700.0,118800.0,119200.0,654907
2024-03-15,117864.765625,120000.0,121500.0,119500.0,120900.0,362679
2024-03-18,123365.125,125600.0,128300.0,120000.0,121100.0,773227
2024-03-19,122874.0234375,125100.0,128100.0,122200.0,128000.0,627338
2024-03-20,117570.109375,119700.0,123800.0,119400.0,123000.0,757266
2024-03-21,117864.765625,120000.0,121200.0,119500.0,120300.0,451396
2024-03-22,117864.765625,120000.0,121400.0,119100.0,119200.0,396268
2024-03-25,118846.9765625,121000.0,122400.0,120300.0,120500.0,341937
2024-03-26,118454.09375,120600.0,122800.0,120400.0,120900.0,362055
2024-03-27,118552.3125,120700.0,121900.0,120400.0,120500.0,242007
2024-03-28,116293.234375,118400.0,121600.0,118000.0,121600.0,439918
2024-03-29,113935.9453125,116000.0,118900.0,116000.0,118700.0,444662
2024-04-01,115311.03125,117400.0,118500.0,115200.0,116300.0,260572
2024-04-02,119632.7421875,121800.0,122500.0,117200.0,117500.0,512554
2024-04-03,115311.03125,117400.0,124500.0,116800.0,121400.0,798593
2024-04-04,117766.546875,119900.0,120200.0,117500.0,118500.0,347444
2024-04-05,115998.578125,118100.0,119900.0,116800.0,118800.0,359226
2024-04-08,116686.1171875,118800.0,119300.0,114200.0,117800.0,485400
2024-04-09,115409.25,117500.0,121200.0,117500.0,119000.0,349338
2024-04-11,108632.03125,110600.0,116900.0,110500.0,116300.0,852391
2024-04-12,106471.171875,108400.0,110800.0,108000.0,110000.0,439283
2024-04-15,103426.3359375,105300.0,110000.0,105200.0,109000.0,490834
2024-04-16,101953.0234375,103800.0,105000.0,102600.0,103300.0,336311
2024-04-17,102935.234375,104800.0,107700.0,103600.0,103600.0,351798
2024-04-18,104310.3203125,106200.0,107500.0,104700.0,104800.0,226720
2024-04-19,101953.0234375,103800.0,105300.0,103200.0,105000.0,345437
2024-04-22,108632.03125,110600.0,110600.0,104800.0,104800.0,440984
2024-04-23,106471.171875,108400.0,110400.0,107500.0,110400.0,187000
2024-04-24,108042.703125,110000.0,113200.0,109200.0,110700.0,322770
2024-04-25,105587.1875,107500.0,109500.0,107400.0,109200.0,207953
2024-04-26,104801.421875,106700.0,108000.0,105900.0,107500.0,247709
2024-04-29,110694.6640625,112700.0,113600.0,107400.0,108000.0,548435
2024-04-30,109123.1328125,111100.0,113300.0,108200.0,113200.0,545936
2024-05-02,107060.5,109000.0,111100.0,108600.0,109200.0,223560
2024-05-03,107649.8203125,109600.0,110300.0,109000.0,110000.0,160242
2024-05-07,110203.5546875,112200.0,112200.0,110000.0,110800.0,254931
2024-05-08,110989.3203125,113000.0,113000.0,111500.0,111900.0,210373
2024-05-09,109417.796875,111400.0,113700.0,111300.0,112900.0,336743
2024-05-10,109221.3515625,111200.0,112900.0,110000.0,112500.0,163644
2024-05-13,108828.46875,110800.0,111600.0,109700.0,111600.0,160093
2024-05-14,108435.5859375,110400.0,112500.0,110100.0,111000.0,174816
2024-05-16,107748.0390625,109700.0,112100.0,108700.0,111800.0,307111
2024-05-17,105783.6328125,107700.0,110200.0,107400.0,109100.0,237202
2024-05-20,106176.515625,108100.0,109600.0,107400.0,107800.0,177298
2024-05-21,103819.21875,105700.0,108000.0,105400.0,107500.0,256072
2024-05-22,103524.5546875,105400.0,106400.0,104100.0,106400.0,253684
2024-05-23,102345.90625,104200.0,105400.0,103600.0,104100.0,233166
2024-05-24,99890.390625,101700.0,103800.0,101300.0,103200.0,453820
2024-05-27,103229.890625,105100.0,105400.0,101500.0,101500.0,297670
2024-05-28,103131.671875,105000.0,106000.0,103700.0,105200.0,163498
2024-05-29,100283.2734375,102100.0,104000.0,101600.0,103600.0,324736
2024-05-30,100381.4921875,102200.0,103400.0,100200.0,101300.0,361181
2024-05-31,98220.640625,100000.0,105900.0,99600.0,103100.0,908750
2024-06-03,104408.5390625,106300.0,111900.0,101000.0,101000.0,1320915
2024-06-04,102444.125,104300.0,107600.0,104000.0,106300.0,409559
2024-06-05,101756.5859375,103600.0,106100.0,101400.0,103100.0,474895
2024-06-07,101953.0234375,103800.0,105700.0,103300.0,104700.0,315977
2024-06-10,99497.5078125,101300.0,102800.0,101100.0,102800.0,384598
2024-06-11,101756.5859375,103600.0,105400.0,100700.0,102200.0,440537
2024-06-12,102345.90625,104200.0,106800.0,103300.0,103600.0,376204
2024-06-13,103229.890625,105100.0,106400.0,102800.0,105200.0,524507
2024-06-14,109908.8984375,111900.0,113300.0,104400.0,104600.0,922260
2024-06-17,106864.0546875,108800.0,114800.0,107900.0,112100.0,760092
2024-06-18,101265.4765625,103100.0,110200.0,102400.0,109800.0,718167
2024-06-19,102837.0078125,104700.0,105000.0,102600.0,103600.0,410996
2024-06-20,118846.9765625,121000.0,126000.0,112700.0,113100.0,8538298
2024-06-21,112069.75,114100.0,125100.0,112400.0,124800.0,3189193
2024-06-24,106471.171875,108400.0,113800.0,108000.0,113500.0,1063080
2024-06-25,105096.0859375,107000.0,111000.0,107000.0,108000.0,807974
2024-06-26,107060.5,109000.0,111200.0,106100.0,108000.0,744436
2024-06-27,107158.71875,109100.0,111500.0,108100.0,108200.0,502857
2024-06-28,114034.1640625,116100.0,119900.0,109700.0,110300.0,1776299
2024-07-01,113248.3984375,115300.0,116000.0,111300.0,114000.0,637244
2024-07-02,109908.8984375,111900.0,116900.0,111700.0,115400.0,488125
2024-07-03,112069.75,114100.0,116200.0,112500.0,113600.0,514254
2024-07-04,112462.6328125,114500.0,115700.0,112700.0,115000.0,370544
2024-07-05,110498.21875,112500.0,114900.0,111700.0,114900.0,427507
2024-07-08,109614.234375,111600.0,113000.0,110900.0,111800.0,276437
2024-07-09,110498.21875,112500.0,113100.0,110600.0,112500.0,370176
2024-07-10,106372.953125,108300.0,112300.0,108300.0,111500.0,594149
2024-07-11,105194.3046875,107100.0,110600.0,107000.0,109200.0,736233
2024-07-12,106176.515625,108100.0,112700.0,106700.0,108100.0,856757
2024-07-15,106078.2890625,108000.0,111000.0,107500.0,108100.0,525950
2024-07-16,111283.984375,113300.0,115000.0,108000.0,109100.0,1125893
2024-07-17,117570.109375,119700.0,123200.0,114000.0,115000.0,3688143
2024-07-18,113837.71875,115900.0,128300.0,114900.0,127500.0,3252847
2024-07-19,110007.1171875,112000.0,117400.0,109700.0,114400.0,1040654
2024-07-22,105685.40625,107600.0,112500.0,107200.0,112000.0,601853
2024-07-23,104604.984375,106500.0,110200.0,106500.0,107700.0,440711
2024-07-24,103131.671875,105000.0,107300.0,104500.0,105400.0,472268
2024-07-25,103819.21875,105700.0,108300.0,103800.0,103900.0,385004
2024-07-26,102935.234375,104800.0,106500.0,104200.0,106100.0,245877
2024-07-29,103131.671875,105000.0,105800.0,103700.0,105200.0,196098
2024-07-30,102444.125,104300.0,106700.0,104100.0,104300.0,239385
2024-07-31,102345.90625,104200.0,105100.0,103600.0,104700.0,229456
2024-08-01,105292.5234375,107200.0,107800.0,103600.0,104400.0,422189
2024-08-02,102444.125,104300.0,106300.0,103000.0,105100.0,405083
2024-08-05,91148.7578125,92800.0,103400.0,91700.0,102500.0,826809
2024-08-06,98024.1953125,99800.0,102000.0,94100.0,94100.0,569930
2024-08-07,96256.2265625,98000.0,101300.0,98000.0,99000.0,313521
2024-08-08,95961.5625,97700.0,99200.0,96000.0,97700.0,376215
2024-08-09,99202.84375,101000.0,103800.0,98400.0,99800.0,389385
2024-08-12,100185.0546875,102000.0,103400.0,101600.0,101700.0,126037
2024-08-13,100970.8203125,102800.0,103100.0,100500.0,101900.0,159544
2024-08-14,101560.140625,103400.0,103900.0,101200.0,103700.0,290029
2024-08-16,100479.71875,102300.0,104500.0,102100.0,104400.0,218375
2024-08-19,98417.078125,100200.0,103600.0,100000.0,102300.0,237770
2024-08-20,100577.9375,102400.0,103900.0,99500.0,101100.0,231019
2024-08-21,101953.0234375,103800.0,104300.0,102000.0,102600.0,241868
2024-08-22,104310.3203125,106200.0,107800.0,103100.0,104600.0,553862
2024-08-23,103524.5546875,105400.0,106100.0,103300.0,104900.0,230527
2024-08-26,104604.984375,106500.0,107800.0,105500.0,105600.0,234571
2024-08-27,107846.265625,109800.0,112000.0,106200.0,107300.0,1128567
2024-08-28,104899.640625,106800.0,109900.0,105800.0,109800.0,339678
2024-08-29,105980.0703125,107900.0,108500.0,105900.0,106900.0,258221
2024-08-30,108042.703125,110000.0,110000.0,107000.0,108400.0,314106
2024-09-02,108435.5859375,110400.0,111300.0,109000.0,109700.0,476402
2024-09-03,106962.28125,108900.0,111000.0,108000.0,111000.0,220823
2024-09-04,105096.0859375,107000.0,108700.0,105200.0,106000.0,263533
2024-09-05,105488.96875,107400.0,109700.0,106800.0,107400.0,173115
2024-09-06,105292.5234375,107200.0,108800.0,106200.0,107400.0,274679
2024-09-09,106176.515625,108100.0,108600.0,105900.0,106000.0,185015
2024-09-10,107748.0390625,109700.0,110300.0,107900.0,108100.0,240227
2024-09-11,108926.6875,110900.0,111300.0,109100.0,109800.0,400198
2024-09-12,109417.796875,111400.0,111400.0,109600.0,111200.0,351365
2024-09-13,108730.25,110700.0,111400.0,109700.0,111400.0,357010
2024-09-19,110694.6640625,112700.0,112900.0,110200.0,112400.0,323198
2024-09-20,109024.9140625,111000.0,112700.0,110400.0,112700.0,372695
2024-09-23,112757.296875,114800.0,115200.0,110600.0,111600.0,350520
2024-09-24,120025.625,122200.0,122500.0,115400.0,115500.0,1085841
2024-09-25,119141.640625,121300.0,123200.0,120800.0,123000.0,467453
2024-09-26,118454.09375,120600.0,122000.0,119500.0,121500.0,323421
2024-09-27,116587.8984375,118700.0,121200.0,118200.0,120700.0,291803
2024-09-30,115016.3671875,117100.0,120900.0,117100.0,120000.0,251746
2024-10-02,114034.1640625,116100.0,119000.0,115900.0,116600.0,225824
2024-10-04,114132.3828125,116200.0,118700.0,114900.0,117800.0,228653
2024-10-07,116195.015625,118300.0,118600.0,114000.0,116200.0,250708
2024-10-08,116293.234375,118400.0,119400.0,117000.0,117200.0,212206
2024-10-10,120811.390625,123000.0,125000.0,116000.0,119300.0,788299
2024-10-11,116391.4609375,118500.0,124700.0,117700.0,124100.0,347427
2024-10-14,116391.4609375,118500.0,120700.0,117000.0,117500.0,208900
2024-10-15,113837.71875,115900.0,119800.0,114900.0,119100.0,366357
2024-10-16,109417.796875,111400.0,116100.0,111100.0,115500.0,406571
2024-10-17,110105.3359375,112100.0,113900.0,111400.0,112100.0,161367
2024-10-18,110105.3359375,112100.0,113800.0,111200.0,112400.0,152052
2024-10-21,112364.4140625,114400.0,115700.0,112500.0,112900.0,197673
2024-10-22,110400.0,112400.0,114500.0,110600.0,113900.0,184232
2024-10-23,114132.3828125,116200.0,116400.0,112000.0,112000.0,188878
2024-10-24,113248.3984375,115300.0,118100.0,114500.0,116100.0,196386
2024-10-25,112364.4140625,114400.0,117200.0,113800.0,117200.0,146624
2024-10-28,119239.859375,121400.0,121900.0,114600.0,115400.0,405337
2024-10-29,118257.6484375,120400.0,120900.0,118600.0,120000.0,164204
2024-10-30,116686.1171875,118800.0,120300.0,118500.0,120300.0,161519
2024-10-31,115311.03125,117400.0,119800.0,117000.0,119800.0,172486
2024-11-01,119632.7421875,121800.0,124000.0,116300.0,117400.0,567185
2024-11-04,118945.1953125,121100.0,122700.0,118400.0,121900.0,352460
2024-11-05,116489.6796875,118600.0,121300.0,117700.0,120000.0,287434
2024-11-06,111087.546875,113100.0,119200.0,111700.0,119100.0,386644
2024-11-07,111087.546875,113100.0,112500.0,106800.0,111800.0,448578
2024-11-08,109123.1328125,111100.0,112500.0,109100.0,109800.0,197921
2024-11-11,106569.3984375,108500.0,111900.0,108000.0,110300.0,173377
2024-11-12,104604.984375,106500.0,110000.0,106400.0,107500.0,209967
2024-11-13,102345.90625,104200.0,107300.0,103800.0,105600.0,226739
2024-11-14,100872.6015625,102700.0,106600.0,101600.0,105200.0,323469
2024-11-15,94390.0390625,96100.0,100600.0,91800.0,100000.0,723668
2024-11-18,100086.8359375,101900.0,101900.0,94100.0,95000.0,336466
2024-11-19,110400.0,112400.0,112400.0,101300.0,101300.0,721144
2024-11-20,111185.765625,113200.0,114800.0,107400.0,109800.0,425877
2024-11-21,116784.34375,118900.0,120000.0,112800.0,114100.0,570143
2024-11-22,115507.4765625,117600.0,122000.0,116500.0,120000.0,367728
2024-11-25,117471.8828125,119600.0,122400.0,118500.0,119900.0,459173
2024-11-26,116784.34375,118900.0,122100.0,118000.0,118000.0,234633
2024-11-27,113444.8359375,115500.0,120000.0,114400.0,117800.0,232787
2024-11-28,115409.25,117500.0,118800.0,115000.0,117300.0,211312
2024-11-29,112560.8515625,114600.0,118000.0,113700.0,117800.0,229589
2024-12-02,111480.4296875,113500.0,117200.0,112900.0,116700.0,185130
2024-12-03,115507.4765625,117600.0,117900.0,114700.0,114900.0,192774
2024-12-04,111087.546875,113100.0,117400.0,112100.0,115400.0,291048
2024-12-05,109319.5703125,111300.0,114000.0,111200.0,113300.0,151041
2024-12-06,112167.96875,114200.0,115500.0,111200.0,111300.0,298322
2024-12-09,107158.71875,109100.0,113500.0,107900.0,113200.0,305943
2024-12-10,116195.015625,118300.0,118800.0,110100.0,110100.0,368253
2024-12-11,116489.6796875,118600.0,119400.0,116600.0,118300.0,177017
2024-12-12,115605.6953125,117700.0,120800.0,116100.0,118800.0,359030
2024-12-13,118355.875,120500.0,120500.0,116300.0,117100.0,318501
2024-12-16,119239.859375,121400.0,122100.0,119200.0,120500.0,290433
2024-12-17,117079.0,119200.0,122100.0,116900.0,121600.0,348803
2024-12-18,116882.5625,119000.0,120700.0,117400.0,119700.0,190616
2024-12-19,113051.9609375,115100.0,117000.0,114900.0,116500.0,194424
2024-12-20,114230.6015625,116300.0,119500.0,114100.0,115100.0,245554
2024-12-23,113051.9609375,115100.0,117400.0,112600.0,117400.0,184254
2024-12-24,110792.8828125,112800.0,115800.0,112800.0,115100.0,122728
2024-12-26,110498.21875,112500.0,115600.0,112500.0,113600.0,153062
2024-12-27,109024.9140625,111000.0,113700.0,110000.0,111700.0,138924
2024-12-30,110007.1171875,112000.0,114600.0,110300.0,110300.0,126051
2025-01-02,109024.9140625,111000.0,113700.0,110800.0,112400.0,114727
2025-01-03,116882.5625,119000.0,119000.0,110800.0,110800.0,354105
2025-01-06,116882.5625,119000.0,120100.0,117400.0,119000.0,182514
2025-01-07,120418.5078125,122600.0,123300.0,118600.0,118600.0,492606
2025-01-08,121597.15625,123800.0,124200.0,121100.0,121400.0,406507
2025-01-09,125231.3203125,127500.0,131000.0,122500.0,124500.0,1373828
2025-01-10,122481.140625,124700.0,127900.0,124600.0,127500.0,447558
2025-01-13,123266.90625,125500.0,126500.0,124000.0,124600.0,275869
2025-01-14,124936.65625,127200.0,128100.0,125200.0,126800.0,267356
2025-01-15,122874.0234375,125100.0,128500.0,124600.0,126800.0,209376
2025-01-16,125329.5390625,127600.0,128500.0,125400.0,127000.0,208716
2025-01-17,126508.1875,128800.0,130400.0,126600.0,127100.0,298005
2025-01-20,127097.5078125,129400.0,131200.0,125900.0,130000.0,233023
2025-01-21,122382.9140625,124600.0,129400.0,123300.0,129400.0,277474
2025-01-22,125624.1953125,127900.0,129100.0,125100.0,125900.0,233401
2025-01-23,124838.4375,127100.0,128800.0,126100.0,128800.0,168921
2025-01-24,124838.4375,127100.0,129800.0,126800.0,128800.0,143727
2025-01-31,125231.3203125,127500.0,129800.0,126100.0,129300.0,176246
2025-02-03,118748.7578125,120900.0,124800.0,120300.0,124800.0,234451
2025-02-04,121204.2734375,123400.0,126900.0,122000.0,123100.0,195019
2025-02-05,123561.5625,125800.0,126400.0,122900.0,123500.0,155635
2025-02-06,122284.6953125,124500.0,125500.0,120900.0,124500.0,180135
2025-02-07,118945.1953125,121100.0,125100.0,121100.0,123600.0,136542
2025-02-10,119927.3984375,122100.0,123400.0,120000.0,120900.0,185265
2025-02-11,118748.7578125,120900.0,124200.0,120500.0,123400.0,191701
2025-02-12,119730.9609375,121900.0,123500.0,120200.0,121600.0,157638
2025-02-13,122088.2578125,124300.0,124300.0,120300.0,122100.0,393847
2025-02-14,119829.1796875,122000.0,124000.0,121400.0,123700.0,158652
2025-02-17,126213.5234375,128500.0,128500.0,120700.0,121800.0,331331
2025-02-18,126508.1875,128800.0,129400.0,126700.0,128100.0,207974
2025-02-19,127686.8359375,130000.0,130200.0,127800.0,129300.0,248643
2025-02-20,129061.921875,131400.0,133200.0,128600.0,130000.0,341348
2025-02-21,130044.125,132400.0,133400.0,130900.0,132500.0,243030
2025-02-24,131517.4375,133900.0,134000.0,131600.0,132700.0,247440
2025-02-25,126508.1875,128800.0,132700.0,128000.0,132700.0,227745
2025-02-26,128472.6015625,130800.0,131500.0,128200.0,128800.0,178693
2025-02-27,129749.46875,132100.0,132100.0,129300.0,130700.0,251609
2025-02-28,123463.34375,125700.0,130800.0,125700.0,130500.0,814483
2025-03-04,121990.0390625,124200.0,126800.0,122600.0,125500.0,197545
2025-03-05,124445.5546875,126700.0,127400.0,124000.0,124000.0,168056
2025-03-06,124249.109375,126500.0,129900.0,123800.0,127700.0,196054
2025-03-07,125722.421875,128000.0,128300.0,124000.0,125100.0,181312
2025-03-10,133285.40625,135700.0,135700.0,129100.0,130000.0,886360
2025-03-11,132008.546875,134400.0,137000.0,131000.0,133400.0,373162
2025-03-12,136133.8125,138600.0,138600.0,133100.0,134100.0,390033
2025-03-13,136723.125,139200.0,140200.0,135600.0,138600.0,1044354
2025-03-14,129651.2421875,132000.0,137500.0,130800.0,137500.0,331659
2025-03-17,123954.4453125,126200.0,132000.0,125200.0,130600.0,369244
2025-03-18,123856.2265625,126100.0,128000.0,125200.0,127100.0,181875
2025-03-19,122382.9140625,124600.0,128300.0,123300.0,126100.0,316698
2025-03-20,122972.2421875,125200.0,133500.0,124300.0,131700.0,616815
2025-03-21,121204.2734375,123400.0,125700.0,121100.0,125200.0,353512
2025-03-24,123266.90625,125500.0,127000.0,123400.0,123400.0,203566
2025-03-25,121891.8125,124100.0,126500.0,123500.0,125800.0,135819
2025-03-26,123758.0078125,126000.0,126400.0,123800.0,124200.0,132217
2025-03-27,119730.9609375,121900.0,124900.0,121200.0,124300.0,142172
2025-03-28,118846.9765625,121000.0,122300.0,119700.0,122300.0,134770
2025-03-31,110400.0,112400.0,119300.0,111600.0,118500.0,322282
2025-04-01,110100.0,110100.0,113600.0,109400.0,112500.0,305814
2025-04-02,106200.0,106200.0,111000.0,104750.0,110900.0,462467
2025-04-03,102700.0,102700.0,104000.0,101800.0,102800.0,406025
2025-04-04,105300.0,105300.0,106000.0,100800.0,101800.0,398913
2025-04-07,97700.0,97700.0,101300.0,97000.0,101100.0,454319
2025-04-08,96900.0,96900.0,100100.0,96300.0,99500.0,372704
2025-04-09,92700.0,92700.0,97600.0,92600.0,95500.0,393993
2025-04-10,102200.0,102200.0,102200.0,97000.0,100000.0,706492
2025-04-11,97300.0,97300.0,99700.0,96000.0,99700.0,429483
2025-04-14,97800.0,97800.0,99900.0,97200.0,98000.0,239010
2025-04-15,97700.0,97700.0,98600.0,97000.0,98600.0,153910
2025-04-16,94100.0,94100.0,99000.0,93500.0,98100.0,319004
2025-04-17,93600.0,93600.0,94900.0,93300.0,94900.0,318905
2025-04-18,93600.0,93600.0,94200.0,93000.0,94200.0,203280
2025-04-21,92600.0,92600.0,94100.0,92200.0,93600.0,203372
2025-04-22,92100.0,92100.0,93200.0,91800.0,92100.0,148051
2025-04-23,95700.0,95700.0,95800.0,93500.0,93700.0,278213
2025-04-24,94900.0,94900.0,96500.0,94000.0,96500.0,183307
2025-04-25,95500.0,95500.0,96300.0,94500.0,95600.0,208145
2025-04-28,95900.0,95900.0,96700.0,95300.0,95700.0,168590
2025-04-29,96800.0,96800.0,97900.0,95000.0,96000.0,261682
2025-04-30,94400.0,94400.0,96800.0,93400.0,95800.0,306828
2025-05-02,93400.0,93400.0,94100.0,91900.0,93500.0,204897
2025-05-07,93000.0,93000.0,94700.0,92600.0,94500.0,197243
2025-05-08,93500.0,93500.0,94000.0,92600.0,93000.0,309396
2025-05-09,90800.0,90800.0,93600.0,90800.0,93500.0,347760
2025-05-12,92600.0,92600.0,93000.0,91200.0,91200.0,222864
2025-05-13,90200.0,90200.0,93000.0,90100.0,92300.0,357856
2025-05-14,89800.0,89800.0,90800.0,88900.0,90700.0,277731
2025-05-15,88400.0,88400.0,89600.0,88200.0,89100.0,290782
2025-05-16,87400.0,87400.0,88700.0,87200.0,88400.0,210981
2025-05-19,87700.0,87700.0,89500.0,87000.0,87100.0,231502
2025-05-20,84500.0,84500.0,88600.0,83800.0,88500.0,372257
2025-05-21,84300.0,84300.0,86200.0,84100.0,84500.0,203670
2025-05-22,84600.0,84600.0,85400.0,81500.0,83600.0,332109
2025-05-23,81100.0,81100.0,84600.0,80800.0,84200.0,350742
2025-05-26,83500.0,83500.0,84300.0,80900.0,80900.0,333449
2025-05-27,82000.0,82000.0,83300.0,81400.0,82700.0,193784
2025-05-28,86800.0,86800.0,87300.0,81800.0,82000.0,440917
2025-05-29,89800.0,89800.0,90700.0,86050.0,87200.0,504385
2025-05-30,89500.0,89500.0,93000.0,88100.0,89600.0,662965
2025-06-02,87700.0,87700.0,90500.0,87000.0,89600.0,343665
2025-06-04,90900.0,90900.0,91800.0,88400.0,88500.0,377011
2025-06-05,92100.0,92100.0,93200.0,90300.0,91300.0,319259
2025-06-09,93300.0,93300.0,94500.0,90500.0,91900.0,445001
2025-06-10,94300.0,94300.0,95900.0,92600.0,93300.0,350643
2025-06-11,94200.0,94200.0,95500.0,93100.0,94500.0,456110
2025-06-12,95500.0,95500.0,97500.0,94300.0,94700.0,558444
2025-06-13,92600.0,92600.0,98800.0,92500.0,94700.0,985684
2025-06-16,92300.0,92300.0,95100.0,91100.0,94700.0,587343
2025-06-17,91100.0,91100.0,93400.0,90900.0,92500.0,465446
2025-06-18,101100.0,101100.0,102200.0,92300.0,92400.0,1366798
2025-06-19,100800.0,100800.0,102300.0,97500.0,100200.0,544624
2025-06-20,102400.0,102400.0,104400.0,99500.0,101400.0,598998
2025-06-23,102800.0,102800.0,111600.0,102400.0,111600.0,945612
2025-06-24,101800.0,101800.0,102300.0,99050.0,100100.0,516935
2025-06-25,101000.0,101000.0,103000.0,99900.0,102400.0,330462
2025-06-26,100300.0,100300.0,100900.0,98600.0,100300.0,255238
2025-06-27,97800.0,97800.0,100100.0,97700.0,99900.0,239336
2025-06-30,122400.0,122400.0,123000.0,107000.0,107100.0,3309175
2025-07-01,126500.0,126500.0,128000.0,116900.0,121700.0,2133522
2025-07-02,117700.0,117700.0,122700.0,115000.0,121200.0,1229445
2025-07-03,119300.0,119300.0,121300.0,116900.0,118000.0,699144
2025-07-04,115200.0,115200.0,117500.0,114100.0,116500.0,443604
2025-07-07,113000.0,113000.0,114950.0,111700.0,113800.0,342903
2025-07-08,113200.0,113200.0,117400.0,112700.0,113000.0,432609
2025-07-09,116500.0,116500.0,118700.0,113700.0,113700.0,573335
2025-07-10,121000.0,121000.0,121000.0,114200.0,116000.0,552254
2025-07-11,116100.0,116100.0,119000.0,116100.0,119000.0,502833
2025-07-14,115500.0,115500.0,117100.0,115100.0,116500.0,214081
2025-07-15,116000.0,116000.0,119800.0,115500.0,116100.0,489845
2025-07-16,112100.0,112100.0,116300.0,112000.0,116000.0,367724
2025-07-17,111600.0,111600.0,113800.0,109800.0,113200.0,251200
2025-07-18,113500.0,113500.0,114000.0,111800.0,111800.0,256326
2025-07-21,114900.0,114900.0,115300.0,112400.0,112600.0,228201
2025-07-22,113900.0,113900.0,116000.0,113500.0,114400.0,194000
2025-07-23,116300.0,116300.0,116700.0,113100.0,114700.0,270859
2025-07-24,116900.0,116900.0,117700.0,114500.0,115500.0,295808
2025-07-25,114400.0,114400.0,115700.0,113900.0,115600.0,223316
2025-07-28,113500.0,113500.0,115900.0,112500.0,114500.0,313911
2025-07-29,111500.0,111500.0,112600.0,109800.0,112500.0,342596
2025-07-30,117200.0,117200.0,119200.0,111600.0,111600.0,874424
2025-07-31,107900.0,107900.0,117800.0,107300.0,117600.0,1145001
2025-08-01,102000.0,102000.0,107800.0,101400.0,107000.0,544493
2025-08-04,103400.0,103400.0,104900.0,100900.0,102200.0,289812
2025-08-05,106500.0,106500.0,107900.0,104300.0,104300.0,318691
2025-08-06,109000.0,109000.0,109900.0,105600.0,106100.0,344934
2025-08-07,108500.0,108500.0,109300.0,107400.0,109000.0,151708
2025-08-08,107500.0,107500.0,108600.0,107000.0,108000.0,152162
2025-08-11,107400.0,107400.0,109200.0,106400.0,107700.0,248530
2025-08-12,106000.0,106000.0,108300.0,106000.0,106600.0,204049
2025-08-13,106400.0,106400.0,107200.0,105200.0,107100.0,195221
2025-08-14,109100.0,109100.0,109100.0,105700.0,106500.0,425386
2025-08-18,105500.0,105500.0,107900.0,105200.0,107500.0,233601
2025-08-19,105900.0,105900.0,106900.0,104800.0,106000.0,147883
2025-08-20,104100.0,104100.0,105900.0,103400.0,105900.0,179856
2025-08-21,104700.0,104700.0,107200.0,104400.0,104500.0,175526
2025-08-22,103900.0,103900.0,107800.0,103700.0,106000.0,189267
2025-08-25,105500.0,105500.0,105800.0,103600.0,104700.0,149509
2025-08-26,104900.0,104900.0,106200.0,104100.0,104800.0,338276
2025-08-27,103600.0,103600.0,105400.0,103200.0,105400.0,242789
2025-08-28,102400.0,102400.0,104300.0,102400.0,103600.0,177723
2025-08-29,100900.0,100900.0,103000.0,99700.0,102600.0,262325
2025-09-01,100200.0,100200.0,100700.0,99700.0,100100.0,134025
2025-09-02,100900.0,100900.0,101200.0,99800.0,100200.0,130484
2025-09-03,101400.0,101400.0,101800.0,100300.0,100300.0,151901
2025-09-04,106400.0,106400.0,106400.0,103100.0,103500.0,453804
2025-09-05,105400.0,105400.0,106600.0,105100.0,105500.0,201450
2025-09-08,105800.0,105800.0,106500.0,104800.0,105700.0,129120
2025-09-09,106600.0,106600.0,107300.0,105800.0,106400.0,201764
2025-09-10,106500.0,106500.0,107100.0,105500.0,106000.0,205511
2025-09-11,108500.0,108500.0,110400.0,106300.0,106500.0,675159
2025-09-12,107900.0,107900.0,109200.0,107700.0,109200.0,288479
2025-09-15,107000.0,107000.0,109000.0,106500.0,107900.0,202945
2025-09-16,105000.0,105000.0,107500.0,105000.0,107100.0,293946
2025-09-17,106300.0,106300.0,106800.0,105100.0,105700.0,162397
2025-09-18,106000.0,106000.0,106700.0,105100.0,106500.0,197078
2025-09-22,104200.0,104200.0,105900.0,104000.0,104800.0,186127
2025-09-23,103600.0,103600.0,104500.0,103400.0,103800.0,201315
2025-09-24,102300.0,102300.0,105300.0,101800.0,104600.0,233461
2025-09-25,103600.0,103600.0,104000.0,102100.0,102300.0,185194
2025-09-26,101100.0,101100.0,103000.0,101000.0,103000.0,155423
2025-09-29,101600.0,101600.0,102300.0,101000.0,102000.0,139279
2025-09-30,100500.0,100500.0,101600.0,100300.0,100700.0,232533
2025-10-01,99900.0,99900.0,101300.0,99500.0,100200.0,214213
2025-10-02,104900.0,104900.0,107700.0,100600.0,100600.0,843677
2025-10-10,103000.0,103000.0,105000.0,102000.0,104900.0,275945
2025-10-13,104000.0,104000.0,104400.0,100300.0,101800.0,303723
2025-10-14,106200.0,106200.0,107600.0,102200.0,103000.0,416289
2025-10-15,107700.0,107700.0,107700.0,106000.0,106500.0,229656
2025-10-16,116000.0,116000.0,116300.0,108100.0,108100.0,959544
2025-10-17,116600.0,116600.0,119000.0,113800.0,114500.0,701794
2025-10-20,119200.0,119200.0,120400.0,113500.0,115500.0,537124
2025-10-21,124700.0,124700.0,127400.0,118400.0,118400.0,1377390
2025-10-22,126300.0,126300.0,126400.0,122400.0,124500.0,585328
2025-10-23,124500.0,124500.0,128000.0,124200.0,128000.0,445469
2025-10-24,134800.0,134800.0,136200.0,128000.0,128500.0,1442659
2025-10-27,131300.0,131300.0,136300.0,130500.0,136300.0,667370
2025-10-28,132000.0,132000.0,133000.0,126900.0,131300.0,581661
2025-10-29,137000.0,137000.0,138300.0,131600.0,132700.0,863624
2025-10-30,134600.0,134600.0,137800.0,132800.0,135700.0,509974
2025-10-31,128900.0,128900.0,137200.0,128500.0,132700.0,700849
2025-11-03,126500.0,126500.0,130400.0,124800.0,130100.0,493253
2025-11-04,126500.0,126500.0,130200.0,126300.0,127800.0,369158
2025-11-05,120900.0,120900.0,125500.0,117900.0,125500.0,444471
2025-11-06,120800.0,120800.0,123800.0,120300.0,123800.0,445880
2025-11-07,115900.0,115900.0,120200.0,114600.0,119000.0,391011
2025-11-10,120500.0,120500.0,121600.0,116100.0,117300.0,283482
2025-11-11,122300.0,122300.0,125900.0,120500.0,122400.0,312573
2025-11-12,126500.0,126500.0,127300.0,123600.0,125500.0,386084
2025-11-13,126300.0,126300.0,127800.0,123900.0,125700.0,402364
2025-11-14,122700.0,122700.0,125800.0,122300.0,123800.0,268518
2025-11-17,122300.0,122300.0,124700.0,121600.0,124000.0,245202
2025-11-18,116000.0,116000.0,122200.0,115800.0,121100.0,341783
2025-11-19,116600.0,116600.0,118500.0,114500.0,117600.0,204366
2025-11-20,116900.0,116900.0,118800.0,116700.0,118000.0,199549
2025-11-21,113500.0,113500.0,116000.0,112500.0,115900.0,193498
2025-11-24,111300.0,111300.0,115800.0,111300.0,115700.0,319104
2025-11-25,111000.0,111000.0,114000.0,109900.0,113500.0,170364
2025-11-26,117200.0,117200.0,117200.0,111800.0,111900.0,247969
2025-11-27,116400.0,116400.0,117800.0,115300.0,117300.0,158395
2025-11-28,115000.0,115000.0,118300.0,114400.0,117400.0,205478
2025-12-01,114600.0,114600.0,117600.0,113900.0,116000.0,164925
2025-12-02,115500.0,115500.0,116200.0,114000.0,115400.0,183864
2025-12-03,115900.0,115900.0,116700.0,114700.0,115300.0,139733
2025-12-04,112600.0,112600.0,115900.0,111800.0,115300.0,303660
2025-12-05,114600.0,114600.0,114900.0,112300.0,112500.0,198828
2025-12-08,117500.0,117500.0,117700.0,114800.0,114800.0,268104
2025-12-09,117300.0,117300.0,118800.0,116300.0,117300.0,217439
2025-12-10,116600.0,116600.0,119600.0,115900.0,119600.0,238604
2025-12-11,112300.0,112300.0,117700.0,112300.0,117700.0,582960
2025-12-12,113900.0,113900.0,114100.0,112000.0,113500.0,220653
2025-12-15,112900.0,112900.0,114400.0,111700.0,112900.0,174999
2025-12-16,109800.0,109800.0,113300.0,109600.0,113300.0,272521
2025-12-17,110500.0,110500.0,110700.0,108100.0,110700.0,202783
2025-12-18,104800.0,104800.0,108600.0,104800.0,108500.0,343106
2025-12-19,105800.0,105800.0,106300.0,102500.0,106000.0,572216
2025-12-22,106500.0,106500.0,106500.0,105300.0,106200.0,160271
2025-12-23,106200.0,106200.0,107000.0,105600.0,106800.0,136988
2025-12-24,105500.0,105500.0,106500.0,104900.0,106300.0,125186
2025-12-26,103300.0,103300.0,105400.0,103200.0,105000.0,149687
2025-12-29,103100.0,103100.0,103100.0,101100.0,101500.0,162960
2025-12-30,101200.0,101200.0,102500.0,101000.0,102400.0,224337
2026-01-02,99900.0,99900.0,101300.0,99500.0,101200.0,222145
2026-01-05,102700.0,102700.0,102800.0,100100.0,100100.0,269897
2026-01-06,106000.0,106000.0,106000.0,102300.0,104200.0,331023
2026-01-07,102000.0,102000.0,105500.0,101300.0,105000.0,373184
2026-01-08,102600.0,102600.0,102600.0,99300.0,102000.0,720394
2026-01-09,99700.0,99700.0,101700.0,99700.0,101500.0,429275
2026-01-12,102500.0,102500.0,102500.0,99800.0,100000.0,328914
2026-01-13,105500.0,105500.0,105500.0,101700.0,103100.0,350395
2026-01-14,103900.0,103900.0,106200.0,102700.0,106100.0,254953
2026-01-15,107600.0,107600.0,110700.0,104200.0,104600.0,621403
2026-01-16,105400.0,105400.0,107400.0,104800.0,107000.0,279004
2026-01-19,106200.0,106200.0,106300.0,102700.0,104800.0,329951
2026-01-20,109000.0,109000.0,109200.0,105100.0,105200.0,406654
2026-01-21,105800.0,105800.0,106900.0,104700.0,106700.0,257770
2026-01-22,112200.0,112200.0,112300.0,105300.0,106000.0,802247
2026-01-23,111400.0,111400.0,115300.0,109600.0,115000.0,474343
2026-01-26,114100.0,114100.0,114800.0,112000.0,112200.0,414195
2026-01-27,111500.0,111500.0,113500.0,111000.0,113500.0,438428
2026-01-28,108200.0,108200.0,114100.0,106500.0,113500.0,1065781
2026-01-29,113500.0,113500.0,114000.0,106600.0,109400.0,921456
2026-01-30,112000.0,112000.0,120000.0,111500.0,114800.0,754942
2026-02-02,106900.0,106900.0,113700.0,106500.0,111800.0,589696
2026-02-03,109500.0,109500.0,109600.0,106500.0,109000.0,406300
2026-02-04,112700.0,112700.0,112800.0,108500.0,108500.0,456487
2026-02-05,109800.0,109800.0,111700.0,108500.0,110700.0,478632
2026-02-06,106200.0,106200.0,107100.0,104800.0,107000.0,416129
2026-02-09,109700.0,109700.0,111000.0,108000.0,108400.0,310740
2026-02-10,111800.0,111800.0,112800.0,109600.0,110400.0,371527
2026-02-11,113500.0,113500.0,114000.0,111900.0,112800.0,333667
2026-02-12,116300.0,116300.0,116700.0,112200.0,114400.0,552434
2026-02-13,113800.0,113800.0,118200.0,113500.0,116000.0,366958
